town,flat_type,block,street_name,floor_area_sqm,flat_model,lease_commence_date,remaining_lease,resale_price,floor,date
BUKIT MERAH,1 ROOM,7,TELOK BLANGAH CRES,31.0,Improved,1975,51 years 10 months,248000.0,2.0,65.0
BUKIT MERAH,2 ROOM,48,MOH GUAN TER,44.0,Standard,1973,49 years 07 months,432000.0,2.0,65.0
BUKIT MERAH,2 ROOM,76,TELOK BLANGAH DR,44.0,Improved,1978,54 years 08 months,240000.0,8.0,65.0
BUKIT MERAH,3 ROOM,119,BT MERAH VIEW,65.0,Improved,1983,59 years 08 months,325000.0,2.0,65.0
BUKIT MERAH,3 ROOM,129,BT MERAH VIEW,65.0,Improved,1973,50 years 02 months,362000.0,11.0,65.0
BUKIT MERAH,3 ROOM,105A,DEPOT RD,67.0,Model A,2017,94 years 06 months,570000.0,17.0,65.0
BUKIT MERAH,3 ROOM,110A,DEPOT RD,67.0,Model A,2017,94 years 06 months,600000.0,17.0,65.0
BUKIT MERAH,3 ROOM,3,EVERTON PK,72.0,New Generation,1980,57 years 06 months,498000.0,5.0,65.0
BUKIT MERAH,3 ROOM,26A,JLN MEMBINA,60.0,Model A,2008,85 years 07 months,535000.0,11.0,65.0
BUKIT MERAH,3 ROOM,26A,JLN MEMBINA,60.0,Model A,2008,85 years 07 months,625000.0,23.0,65.0
BUKIT MERAH,3 ROOM,26A,JLN MEMBINA,60.0,Model A,2008,85 years 07 months,618000.0,14.0,65.0
BUKIT MERAH,3 ROOM,127C,KIM TIAN RD,62.0,Model A,2013,89 years 09 months,600000.0,5.0,65.0
BUKIT MERAH,3 ROOM,86,REDHILL CL,59.0,Improved,1973,49 years 08 months,368000.0,11.0,65.0
BUKIT MERAH,3 ROOM,1,TELOK BLANGAH CRES,66.0,Improved,1983,59 years 11 months,355000.0,2.0,65.0
BUKIT MERAH,3 ROOM,16,TELOK BLANGAH CRES,65.0,Improved,1975,51 years 11 months,345000.0,11.0,65.0
BUKIT MERAH,3 ROOM,47,TELOK BLANGAH DR,65.0,Improved,1976,52 years 08 months,388000.0,8.0,65.0
BUKIT MERAH,3 ROOM,65,TELOK BLANGAH DR,67.0,New Generation,1978,55 years 01 month,388000.0,8.0,65.0
BUKIT MERAH,3 ROOM,44,TELOK BLANGAH DR,65.0,Improved,1976,52 years 07 months,323000.0,2.0,65.0
BUKIT MERAH,3 ROOM,63,TELOK BLANGAH HTS,88.0,New Generation,1976,53 years 04 months,460000.0,11.0,65.0
BUKIT MERAH,3 ROOM,28,TELOK BLANGAH RISE,70.0,Improved,1976,52 years 11 months,345000.0,2.0,65.0
BUKIT MERAH,3 ROOM,80B,TELOK BLANGAH ST 31,67.0,Premium Apartment,2013,90 years 03 months,661000.0,17.0,65.0
BUKIT MERAH,3 ROOM,33,TELOK BLANGAH WAY,59.0,Improved,1976,52 years 11 months,305000.0,5.0,65.0
BUKIT MERAH,3 ROOM,24,TIONG BAHRU RD,88.0,Standard,1973,49 years 08 months,720000.0,5.0,65.0
BUKIT MERAH,4 ROOM,38,BEO CRES,110.0,Adjoined flat,1971,47 years 08 months,620000.0,8.0,65.0
BUKIT MERAH,4 ROOM,10A,BOON TIONG RD,92.0,Model A,2016,92 years 07 months,940000.0,38.0,65.0
BUKIT MERAH,4 ROOM,6A,BOON TIONG RD,100.0,Model A,2005,82 years 05 months,950000.0,14.0,65.0
BUKIT MERAH,4 ROOM,10B,BOON TIONG RD,87.0,Model A,2016,92 years 08 months,1158000.0,29.0,65.0
BUKIT MERAH,4 ROOM,120,BT MERAH VIEW,88.0,Improved,1973,49 years 08 months,455000.0,14.0,65.0
BUKIT MERAH,4 ROOM,110,BT PURMEI RD,104.0,Model A,1984,61 years 04 months,616888.0,11.0,65.0
BUKIT MERAH,4 ROOM,110,BT PURMEI RD,104.0,Model A,1984,61 years 04 months,547000.0,2.0,65.0
BUKIT MERAH,4 ROOM,18,CANTONMENT CL,75.0,Model A,2002,79 years 07 months,710000.0,11.0,65.0
BUKIT MERAH,4 ROOM,9,CANTONMENT CL,90.0,Model A,2002,79 years 07 months,855000.0,26.0,65.0
BUKIT MERAH,4 ROOM,103B,DEPOT RD,100.0,Model A,2002,79 years,680000.0,5.0,65.0
BUKIT MERAH,4 ROOM,103A,DEPOT RD,90.0,Model A,2002,79 years,621000.0,14.0,65.0
BUKIT MERAH,4 ROOM,110A,DEPOT RD,92.0,Model A,2017,94 years 06 months,800000.0,23.0,65.0
BUKIT MERAH,4 ROOM,110A,DEPOT RD,92.0,Model A,2017,94 years 06 months,810000.0,23.0,65.0
BUKIT MERAH,4 ROOM,105A,DEPOT RD,92.0,Model A,2017,94 years 06 months,770000.0,8.0,65.0
BUKIT MERAH,4 ROOM,105A,DEPOT RD,92.0,Model A,2017,94 years 05 months,690000.0,2.0,65.0
BUKIT MERAH,4 ROOM,56,HAVELOCK RD,94.0,Model A,2013,90 years,950000.0,32.0,65.0
BUKIT MERAH,4 ROOM,52,HAVELOCK RD,94.0,Model A,2013,90 years,775000.0,5.0,65.0
BUKIT MERAH,4 ROOM,54,HAVELOCK RD,94.0,Model A,2013,89 years 11 months,908000.0,14.0,65.0
BUKIT MERAH,4 ROOM,101,HENDERSON CRES,74.0,Standard,1970,47 years 01 month,425000.0,2.0,65.0
BUKIT MERAH,4 ROOM,95C,HENDERSON RD,93.0,Model A,2019,96 years,980000.0,44.0,65.0
BUKIT MERAH,4 ROOM,27A,JLN MEMBINA,90.0,Model A,2008,85 years 07 months,800000.0,14.0,65.0
BUKIT MERAH,4 ROOM,27A,JLN MEMBINA,90.0,Model A,2008,85 years 07 months,675000.0,2.0,65.0
BUKIT MERAH,4 ROOM,26B,JLN MEMBINA,85.0,Model A,2009,85 years 07 months,825000.0,23.0,65.0
BUKIT MERAH,4 ROOM,129,KIM TIAN RD,88.0,Improved,1976,52 years 08 months,512000.0,8.0,65.0
BUKIT MERAH,4 ROOM,119D,KIM TIAN RD,92.0,Model A,2002,79 years 05 months,752000.0,14.0,65.0
BUKIT MERAH,4 ROOM,119D,KIM TIAN RD,92.0,Model A,2002,79 years 05 months,765000.0,20.0,65.0
BUKIT MERAH,4 ROOM,127A,KIM TIAN RD,93.0,Model A,2013,89 years 08 months,780000.0,8.0,65.0
BUKIT MERAH,4 ROOM,48,LENGKOK BAHRU,84.0,Simplified,1986,63 years 02 months,600000.0,11.0,65.0
BUKIT MERAH,4 ROOM,75A,REDHILL RD,100.0,Model A,2005,82 years 07 months,855000.0,11.0,65.0
BUKIT MERAH,4 ROOM,50,TELOK BLANGAH DR,98.0,New Generation,1978,55 years 02 months,500000.0,2.0,65.0
BUKIT MERAH,4 ROOM,62,TELOK BLANGAH HTS,98.0,New Generation,1976,53 years 04 months,530000.0,11.0,65.0
BUKIT MERAH,4 ROOM,70C,TELOK BLANGAH HTS,93.0,Model A,2017,93 years 11 months,910000.0,26.0,65.0
BUKIT MERAH,4 ROOM,58,TELOK BLANGAH HTS,91.0,New Generation,1976,53 years 04 months,540000.0,8.0,65.0
BUKIT MERAH,5 ROOM,4A,BOON TIONG RD,115.0,Improved,2005,82 years 05 months,1068000.0,23.0,65.0
BUKIT MERAH,5 ROOM,116,BT MERAH CTRL,117.0,Improved,1977,54 years 06 months,725000.0,26.0,65.0
BUKIT MERAH,5 ROOM,126,BT MERAH VIEW,140.0,Model A,1996,73 years 04 months,970000.0,8.0,65.0
BUKIT MERAH,5 ROOM,13,CANTONMENT CL,110.0,Improved,2003,79 years 08 months,1100000.0,26.0,65.0
BUKIT MERAH,5 ROOM,8,CANTONMENT CL,110.0,Improved,2002,79 years 06 months,1030000.0,17.0,65.0
BUKIT MERAH,5 ROOM,113,DEPOT RD,117.0,Standard,1976,53 years 05 months,660000.0,8.0,65.0
BUKIT MERAH,5 ROOM,118B,JLN MEMBINA,110.0,Improved,2003,79 years 08 months,953000.0,17.0,65.0
BUKIT MERAH,5 ROOM,125,KIM TIAN RD,138.0,Model A,1995,72 years 02 months,1030000.0,8.0,65.0
BUKIT MERAH,5 ROOM,46,LENGKOK BAHRU,134.0,Model A,1984,61 years 02 months,800000.0,5.0,65.0
BUKIT MERAH,5 ROOM,44,LENGKOK BAHRU,141.0,Model A-Maisonette,1984,61 years 01 month,1055000.0,2.0,65.0
BUKIT MERAH,5 ROOM,69,REDHILL CL,115.0,Improved,2001,77 years 09 months,800888.0,5.0,65.0
BUKIT MERAH,5 ROOM,14,TELOK BLANGAH CRES,119.0,Improved,1999,76 years 05 months,768000.0,14.0,65.0
BUKIT MERAH,5 ROOM,17,TELOK BLANGAH CRES,119.0,Improved,2002,78 years 07 months,733000.0,8.0,65.0
BUKIT MERAH,5 ROOM,52,TELOK BLANGAH DR,118.0,Standard,1978,54 years 08 months,740000.0,14.0,65.0
BUKIT MERAH,5 ROOM,72,TELOK BLANGAH HTS,117.0,Standard,1978,54 years 08 months,600000.0,2.0,65.0
BUKIT MERAH,1 ROOM,7,TELOK BLANGAH CRES,31.0,Improved,1975,51 years 09 months,240000.0,8.0,66.0
BUKIT MERAH,1 ROOM,7,TELOK BLANGAH CRES,31.0,Improved,1975,51 years 09 months,235000.0,11.0,66.0
BUKIT MERAH,1 ROOM,7,TELOK BLANGAH CRES,31.0,Improved,1975,51 years 09 months,230000.0,2.0,66.0
BUKIT MERAH,2 ROOM,28,HOY FATT RD,47.0,Standard,1967,44 years,230000.0,11.0,66.0
BUKIT MERAH,2 ROOM,44,MOH GUAN TER,64.0,Standard,1973,49 years 07 months,550000.0,2.0,66.0
BUKIT MERAH,3 ROOM,10B,BOON TIONG RD,62.0,Model A,2016,92 years 07 months,700000.0,20.0,66.0
BUKIT MERAH,3 ROOM,119,BT MERAH VIEW,65.0,Improved,1983,59 years 07 months,380000.0,8.0,66.0
BUKIT MERAH,3 ROOM,22,HAVELOCK RD,64.0,Standard,1969,46 years 01 month,345000.0,8.0,66.0
BUKIT MERAH,3 ROOM,22,HAVELOCK RD,64.0,Standard,1969,46 years,380000.0,17.0,66.0
BUKIT MERAH,3 ROOM,26A,JLN MEMBINA,60.0,Model A,2008,85 years 07 months,600000.0,11.0,66.0
BUKIT MERAH,3 ROOM,86,REDHILL CL,59.0,Improved,1973,49 years 07 months,385000.0,8.0,66.0
BUKIT MERAH,3 ROOM,86,REDHILL CL,59.0,Improved,1973,49 years 07 months,381888.0,8.0,66.0
BUKIT MERAH,3 ROOM,17,SENG POH RD,88.0,Standard,1973,49 years 07 months,628000.0,2.0,66.0
BUKIT MERAH,3 ROOM,22,TELOK BLANGAH CRES,59.0,Improved,1975,52 years,315000.0,5.0,66.0
BUKIT MERAH,3 ROOM,16,TELOK BLANGAH CRES,76.0,Improved,1975,51 years 10 months,328000.0,5.0,66.0
BUKIT MERAH,3 ROOM,5,TELOK BLANGAH CRES,75.0,Improved,1983,59 years 11 months,438000.0,11.0,66.0
BUKIT MERAH,3 ROOM,8,TELOK BLANGAH CRES,72.0,Improved,1975,51 years 10 months,408000.0,11.0,66.0
BUKIT MERAH,3 ROOM,64,TELOK BLANGAH DR,67.0,New Generation,1978,55 years 01 month,325000.0,2.0,66.0
BUKIT MERAH,3 ROOM,46,TELOK BLANGAH DR,65.0,Improved,1976,52 years 07 months,333000.0,2.0,66.0
BUKIT MERAH,3 ROOM,55,TELOK BLANGAH DR,73.0,New Generation,1978,54 years 07 months,428000.0,11.0,66.0
BUKIT MERAH,3 ROOM,44,TELOK BLANGAH DR,65.0,Improved,1976,52 years 07 months,348000.0,5.0,66.0
BUKIT MERAH,3 ROOM,75,TELOK BLANGAH DR,67.0,New Generation,1978,54 years 06 months,418000.0,8.0,66.0
BUKIT MERAH,3 ROOM,60,TELOK BLANGAH HTS,67.0,New Generation,1976,53 years 03 months,395000.0,8.0,66.0
BUKIT MERAH,3 ROOM,61,TELOK BLANGAH HTS,67.0,New Generation,1976,53 years 03 months,382000.0,8.0,66.0
BUKIT MERAH,3 ROOM,43,TELOK BLANGAH RISE,59.0,Improved,1976,52 years 10 months,320000.0,2.0,66.0
BUKIT MERAH,3 ROOM,30,TELOK BLANGAH RISE,59.0,Improved,1976,52 years 11 months,332000.0,11.0,66.0
BUKIT MERAH,3 ROOM,80C,TELOK BLANGAH ST 31,68.0,Premium Apartment,2013,90 years 01 month,658000.0,29.0,66.0
BUKIT MERAH,3 ROOM,24,TIONG BAHRU RD,88.0,Standard,1973,49 years 07 months,610000.0,2.0,66.0
BUKIT MERAH,4 ROOM,6B,BOON TIONG RD,100.0,Model A,2005,82 years 03 months,830000.0,5.0,66.0
BUKIT MERAH,4 ROOM,165,BT MERAH CTRL,110.0,New Generation,1980,57 years 02 months,526000.0,2.0,66.0
BUKIT MERAH,4 ROOM,105,BT PURMEI RD,93.0,New Generation,1983,59 years 08 months,515000.0,5.0,66.0
BUKIT MERAH,4 ROOM,105,BT PURMEI RD,93.0,New Generation,1983,59 years 08 months,538000.0,11.0,66.0
BUKIT MERAH,4 ROOM,109,BT PURMEI RD,104.0,Model A,1984,61 years 02 months,588000.0,8.0,66.0
BUKIT MERAH,4 ROOM,19,CANTONMENT CL,90.0,Model A,2002,79 years 06 months,790000.0,8.0,66.0
BUKIT MERAH,4 ROOM,16,CANTONMENT CL,90.0,Model A,2003,79 years 06 months,938000.0,23.0,66.0
BUKIT MERAH,4 ROOM,110A,DEPOT RD,92.0,Model A,2017,94 years 05 months,770000.0,14.0,66.0
BUKIT MERAH,4 ROOM,104B,DEPOT RD,100.0,Model A,2000,77 years 01 month,640000.0,2.0,66.0
BUKIT MERAH,4 ROOM,26C,JLN MEMBINA,85.0,Model A,2009,85 years 07 months,790000.0,20.0,66.0
BUKIT MERAH,4 ROOM,27A,JLN MEMBINA,85.0,Model A,2008,85 years 06 months,840000.0,23.0,66.0
BUKIT MERAH,4 ROOM,118A,JLN MEMBINA,91.0,Model A,2003,79 years 07 months,708888.0,8.0,66.0
BUKIT MERAH,4 ROOM,119B,KIM TIAN RD,92.0,Model A,2002,79 years 06 months,720000.0,8.0,66.0
BUKIT MERAH,4 ROOM,6,KIM TIAN RD,107.0,Model A,1995,72 years 02 months,820000.0,11.0,66.0
BUKIT MERAH,4 ROOM,126A,KIM TIAN RD,93.0,Model A,2013,89 years 07 months,888000.0,35.0,66.0
BUKIT MERAH,4 ROOM,63B,LENGKOK BAHRU,101.0,Model A,2001,78 years 05 months,820000.0,20.0,66.0
BUKIT MERAH,4 ROOM,43,LENGKOK BAHRU,89.0,Simplified,1986,63 years,530000.0,2.0,66.0
BUKIT MERAH,4 ROOM,77A,REDHILL RD,100.0,Model A,2005,82 years 05 months,768000.0,2.0,66.0
BUKIT MERAH,4 ROOM,75B,REDHILL RD,100.0,Model A,2005,82 years 06 months,870000.0,17.0,66.0
BUKIT MERAH,4 ROOM,50,TELOK BLANGAH DR,98.0,New Generation,1978,55 years 01 month,520000.0,5.0,66.0
BUKIT MERAH,4 ROOM,50,TELOK BLANGAH DR,98.0,New Generation,1978,55 years 01 month,530000.0,2.0,66.0
BUKIT MERAH,4 ROOM,69,TELOK BLANGAH HTS,91.0,New Generation,1978,54 years 07 months,535000.0,14.0,66.0
BUKIT MERAH,4 ROOM,70C,TELOK BLANGAH HTS,93.0,Model A,2017,93 years 11 months,839999.0,23.0,66.0
BUKIT MERAH,4 ROOM,70C,TELOK BLANGAH HTS,93.0,Model A,2017,93 years 11 months,830000.0,11.0,66.0
BUKIT MERAH,4 ROOM,56,TELOK BLANGAH HTS,91.0,New Generation,1976,53 years 03 months,545000.0,2.0,66.0
BUKIT MERAH,4 ROOM,70A,TELOK BLANGAH HTS,93.0,Model A,2017,93 years 11 months,830000.0,11.0,66.0
BUKIT MERAH,4 ROOM,40,TELOK BLANGAH RISE,82.0,Improved,1976,52 years 10 months,446000.0,8.0,66.0
BUKIT MERAH,5 ROOM,115,BT MERAH CTRL,117.0,Improved,1977,54 years 05 months,700000.0,23.0,66.0
BUKIT MERAH,5 ROOM,119,BT MERAH VIEW,130.0,Adjoined flat,1983,59 years 07 months,786000.0,11.0,66.0
BUKIT MERAH,5 ROOM,115,BT PURMEI RD,157.0,Model A,1985,61 years 09 months,1000000.0,14.0,66.0
BUKIT MERAH,5 ROOM,104B,DEPOT RD,116.0,Improved,2000,77 years 01 month,745000.0,8.0,66.0
BUKIT MERAH,5 ROOM,95,HAVELOCK RD,118.0,Improved,1983,60 years 01 month,862000.0,8.0,66.0
BUKIT MERAH,5 ROOM,127D,KIM TIAN RD,113.0,Improved,2013,89 years 08 months,1038000.0,8.0,66.0
BUKIT MERAH,5 ROOM,131C,KIM TIAN RD,110.0,Improved,2002,78 years 07 months,855000.0,14.0,66.0
BUKIT MERAH,5 ROOM,125,KIM TIAN RD,126.0,Improved,1995,72 years 02 months,1020000.0,8.0,66.0
BUKIT MERAH,5 ROOM,119C,KIM TIAN RD,110.0,Improved,2003,79 years 11 months,870000.0,20.0,66.0
BUKIT MERAH,5 ROOM,110,SPOTTISWOODE PK RD,121.0,Standard,1979,56 years 03 months,850000.0,2.0,66.0
BUKIT MERAH,5 ROOM,25,TELOK BLANGAH CRES,117.0,Standard,1975,52 years 01 month,750000.0,23.0,66.0
BUKIT MERAH,5 ROOM,52,TELOK BLANGAH DR,115.0,Standard,1978,54 years 07 months,630000.0,5.0,66.0
BUKIT MERAH,5 ROOM,52,TELOK BLANGAH DR,120.0,Standard,1978,54 years 07 months,725000.0,11.0,66.0
BUKIT MERAH,5 ROOM,48,TELOK BLANGAH DR,123.0,Standard,1976,53 years 04 months,865000.0,23.0,66.0
BUKIT MERAH,5 ROOM,73,TELOK BLANGAH HTS,117.0,Standard,1978,54 years 07 months,685000.0,5.0,66.0
BUKIT MERAH,5 ROOM,74,TELOK BLANGAH HTS,117.0,Standard,1978,54 years 07 months,738000.0,17.0,66.0
BUKIT MERAH,5 ROOM,37,TELOK BLANGAH RISE,117.0,Standard,1976,53 years 03 months,685000.0,20.0,66.0
BUKIT MERAH,3 ROOM,10B,BOON TIONG RD,62.0,Model A,2016,92 years 06 months,710000.0,20.0,67.0
BUKIT MERAH,3 ROOM,129,BT MERAH VIEW,65.0,Improved,1973,50 years,370000.0,11.0,67.0
BUKIT MERAH,3 ROOM,119,BT MERAH VIEW,65.0,Improved,1983,59 years 06 months,358000.0,2.0,67.0
BUKIT MERAH,3 ROOM,108,BT PURMEI RD,75.0,Model A,1984,61 years,416000.0,5.0,67.0
BUKIT MERAH,3 ROOM,109,BT PURMEI RD,74.0,Model A,1984,61 years,388000.0,2.0,67.0
BUKIT MERAH,3 ROOM,22,HAVELOCK RD,64.0,Standard,1969,46 years 03 months,330000.0,11.0,67.0
BUKIT MERAH,3 ROOM,58,HAVELOCK RD,69.0,Model A,2013,89 years 10 months,688000.0,14.0,67.0
BUKIT MERAH,3 ROOM,95B,HENDERSON RD,68.0,Model A,2019,95 years 10 months,750000.0,29.0,67.0
BUKIT MERAH,3 ROOM,26D,JLN MEMBINA,60.0,Model A,2009,85 years 05 months,585000.0,11.0,67.0
BUKIT MERAH,3 ROOM,127C,KIM TIAN RD,62.0,Model A,2013,89 years 07 months,550000.0,11.0,67.0
BUKIT MERAH,3 ROOM,29,LIM LIAK ST,88.0,Standard,1973,49 years 06 months,750000.0,5.0,67.0
BUKIT MERAH,3 ROOM,12,TAMAN HO SWEE,66.0,Standard,1970,46 years 06 months,358000.0,2.0,67.0
BUKIT MERAH,3 ROOM,14,TAMAN HO SWEE,54.0,Standard,1970,46 years 06 months,330000.0,2.0,67.0
BUKIT MERAH,3 ROOM,6,TELOK BLANGAH CRES,65.0,Improved,1975,51 years 06 months,385000.0,8.0,67.0
BUKIT MERAH,3 ROOM,12,TELOK BLANGAH CRES,70.0,Improved,1975,51 years 09 months,345000.0,11.0,67.0
BUKIT MERAH,3 ROOM,10,TELOK BLANGAH CRES,59.0,Improved,1975,51 years 09 months,302000.0,5.0,67.0
BUKIT MERAH,3 ROOM,54,TELOK BLANGAH DR,73.0,New Generation,1978,54 years 06 months,390000.0,5.0,67.0
BUKIT MERAH,3 ROOM,64,TELOK BLANGAH DR,67.0,New Generation,1978,55 years,430000.0,11.0,67.0
BUKIT MERAH,3 ROOM,44,TELOK BLANGAH DR,76.0,Improved,1976,52 years 06 months,395000.0,5.0,67.0
BUKIT MERAH,3 ROOM,63,TELOK BLANGAH HTS,73.0,New Generation,1976,53 years 02 months,402000.0,5.0,67.0
BUKIT MERAH,3 ROOM,70B,TELOK BLANGAH HTS,68.0,Model A,2017,93 years 09 months,672000.0,23.0,67.0
BUKIT MERAH,4 ROOM,124B,BT MERAH VIEW,109.0,Model A,1996,73 years 02 months,770000.0,5.0,67.0
BUKIT MERAH,4 ROOM,108,BT PURMEI RD,104.0,Model A,1984,61 years,560000.0,2.0,67.0
BUKIT MERAH,4 ROOM,16,CANTONMENT CL,75.0,Model A,2003,79 years 06 months,761800.0,23.0,67.0
BUKIT MERAH,4 ROOM,9,CANTONMENT CL,90.0,Model A,2002,79 years 05 months,810000.0,5.0,67.0
BUKIT MERAH,4 ROOM,104B,DEPOT RD,100.0,Model A,2000,77 years,560000.0,2.0,67.0
BUKIT MERAH,4 ROOM,105A,DEPOT RD,92.0,Model A,2017,94 years 04 months,813000.0,20.0,67.0
BUKIT MERAH,4 ROOM,103B,DEPOT RD,100.0,Model A,2002,78 years 09 months,655000.0,14.0,67.0
BUKIT MERAH,4 ROOM,103,HENDERSON CRES,74.0,Standard,1970,47 years,433000.0,2.0,67.0
BUKIT MERAH,4 ROOM,118B,JLN MEMBINA,85.0,Model A,2003,79 years 06 months,760000.0,29.0,67.0
BUKIT MERAH,4 ROOM,118C,JLN MEMBINA,91.0,Model A,2003,79 years 06 months,750000.0,8.0,67.0
BUKIT MERAH,4 ROOM,26C,JLN MEMBINA,85.0,Model A,2009,85 years 05 months,851888.0,26.0,67.0
BUKIT MERAH,4 ROOM,127C,KIM TIAN RD,93.0,Model A,2013,89 years 07 months,860000.0,26.0,67.0
BUKIT MERAH,4 ROOM,129,KIM TIAN RD,88.0,Improved,1976,52 years 06 months,530688.0,8.0,67.0
BUKIT MERAH,4 ROOM,126C,KIM TIAN RD,93.0,Model A,2013,89 years 07 months,868000.0,20.0,67.0
BUKIT MERAH,4 ROOM,88,REDHILL CL,113.0,Model A,1995,71 years 07 months,880000.0,14.0,67.0
BUKIT MERAH,4 ROOM,75B,REDHILL RD,100.0,Model A,2005,82 years 05 months,865000.0,17.0,67.0
BUKIT MERAH,4 ROOM,76A,REDHILL RD,100.0,Model A,2005,82 years 05 months,888000.0,23.0,67.0
BUKIT MERAH,4 ROOM,75A,REDHILL RD,100.0,Model A,2005,82 years 04 months,893888.0,20.0,67.0
BUKIT MERAH,4 ROOM,75C,REDHILL RD,100.0,Model A,2007,83 years 05 months,888888.0,8.0,67.0
BUKIT MERAH,4 ROOM,148,SILAT AVE,93.0,New Generation,1982,59 years 03 months,480000.0,2.0,67.0
BUKIT MERAH,4 ROOM,14A,TELOK BLANGAH CRES,100.0,Model A,1999,76 years 03 months,666000.0,11.0,67.0
BUKIT MERAH,4 ROOM,24,TELOK BLANGAH CRES,82.0,Improved,1975,51 years 10 months,435000.0,5.0,67.0
BUKIT MERAH,4 ROOM,58,TELOK BLANGAH HTS,91.0,New Generation,1976,53 years 02 months,520000.0,2.0,67.0
BUKIT MERAH,4 ROOM,70A,TELOK BLANGAH HTS,93.0,Model A,2017,93 years 10 months,845000.0,8.0,67.0
BUKIT MERAH,4 ROOM,59,TELOK BLANGAH HTS,91.0,New Generation,1976,53 years 02 months,535000.0,5.0,67.0
BUKIT MERAH,4 ROOM,61,TELOK BLANGAH HTS,81.0,New Generation,1976,53 years 02 months,505000.0,8.0,67.0
BUKIT MERAH,4 ROOM,70C,TELOK BLANGAH HTS,93.0,Model A,2017,93 years 09 months,835000.0,17.0,67.0
BUKIT MERAH,5 ROOM,4A,BOON TIONG RD,115.0,Improved,2005,82 years 03 months,1050000.0,14.0,67.0
BUKIT MERAH,5 ROOM,111A,DEPOT RD,116.0,Improved,2006,82 years 06 months,900000.0,14.0,67.0
BUKIT MERAH,5 ROOM,112B,DEPOT RD,116.0,Improved,2006,82 years 06 months,730000.0,2.0,67.0
BUKIT MERAH,5 ROOM,4,EVERTON PK,144.0,Adjoined flat,1980,57 years 04 months,880000.0,8.0,67.0
BUKIT MERAH,5 ROOM,1,EVERTON PK,127.0,Improved,1980,57 years 03 months,751000.0,5.0,67.0
BUKIT MERAH,5 ROOM,56,HAVELOCK RD,114.0,Improved,2013,89 years 09 months,1052500.0,2.0,67.0
BUKIT MERAH,5 ROOM,25A,JLN MEMBINA,110.0,Improved,2008,85 years 02 months,1090889.0,23.0,67.0
BUKIT MERAH,5 ROOM,118C,JLN MEMBINA,110.0,Improved,2003,79 years 06 months,860000.0,5.0,67.0
BUKIT MERAH,5 ROOM,7,KIM TIAN PL,131.0,Model A,1984,61 years,1068800.0,23.0,67.0
BUKIT MERAH,5 ROOM,8,KIM TIAN PL,131.0,Model A,1984,61 years,1050000.0,17.0,67.0
BUKIT MERAH,5 ROOM,7,KIM TIAN PL,131.0,Model A,1984,60 years 11 months,1118000.0,14.0,67.0
BUKIT MERAH,5 ROOM,63B,LENGKOK BAHRU,121.0,Improved,2001,78 years 04 months,1060000.0,26.0,67.0
BUKIT MERAH,5 ROOM,63A,LENGKOK BAHRU,121.0,Improved,2001,78 years 04 months,998888.0,29.0,67.0
BUKIT MERAH,5 ROOM,51,LENGKOK BAHRU,122.0,Improved,1986,63 years 03 months,625000.0,2.0,67.0
BUKIT MERAH,5 ROOM,87,REDHILL CL,129.0,Improved,1995,71 years 06 months,912000.0,5.0,67.0
BUKIT MERAH,5 ROOM,83,REDHILL LANE,120.0,Improved,1996,73 years 04 months,840000.0,11.0,67.0
BUKIT MERAH,5 ROOM,75C,REDHILL RD,115.0,Improved,2007,83 years 06 months,920000.0,5.0,67.0
BUKIT MERAH,5 ROOM,75B,REDHILL RD,115.0,Improved,2005,82 years 05 months,990000.0,20.0,67.0
BUKIT MERAH,5 ROOM,106,SPOTTISWOODE PK RD,124.0,Standard,1979,56 years 03 months,775000.0,2.0,67.0
BUKIT MERAH,5 ROOM,103,SPOTTISWOODE PK RD,122.0,Standard,1979,56 years 03 months,885000.0,23.0,67.0
BUKIT MERAH,5 ROOM,25,TELOK BLANGAH CRES,119.0,Standard,1975,52 years,660000.0,2.0,67.0
BUKIT MERAH,5 ROOM,48,TELOK BLANGAH DR,123.0,Standard,1976,53 years 04 months,858000.0,20.0,67.0
BUKIT MERAH,5 ROOM,86,TELOK BLANGAH HTS,110.0,Improved,2003,79 years 09 months,818000.0,5.0,67.0
BUKIT MERAH,5 ROOM,84,TELOK BLANGAH HTS,118.0,Improved,1997,74 years,750000.0,2.0,67.0
BUKIT MERAH,2 ROOM,127C,KIM TIAN RD,47.0,Model A,2013,89 years 06 months,420000.0,5.0,68.0
BUKIT MERAH,2 ROOM,127A,KIM TIAN RD,47.0,Model A,2013,89 years 06 months,510000.0,26.0,68.0
BUKIT MERAH,2 ROOM,45,TELOK BLANGAH DR,45.0,Improved,1976,52 years 05 months,270000.0,11.0,68.0
BUKIT MERAH,3 ROOM,129,BT MERAH VIEW,65.0,Improved,1973,49 years 11 months,345000.0,5.0,68.0
BUKIT MERAH,3 ROOM,130,BT MERAH VIEW,76.0,Improved,1973,49 years 11 months,440000.0,5.0,68.0
BUKIT MERAH,3 ROOM,116,BT MERAH VIEW,59.0,Improved,1974,50 years 07 months,340000.0,2.0,68.0
BUKIT MERAH,3 ROOM,7,EVERTON PK,84.0,New Generation,1980,57 years 03 months,550000.0,8.0,68.0
BUKIT MERAH,3 ROOM,54,HAVELOCK RD,69.0,Model A,2013,89 years 09 months,660000.0,14.0,68.0
BUKIT MERAH,3 ROOM,95B,HENDERSON RD,68.0,Model A,2019,95 years 08 months,790000.0,29.0,68.0
BUKIT MERAH,3 ROOM,28,HOY FATT RD,60.0,Standard,1967,43 years 10 months,270000.0,5.0,68.0
BUKIT MERAH,3 ROOM,78,INDUS RD,65.0,Improved,1982,59 years 01 month,427888.0,11.0,68.0
BUKIT MERAH,3 ROOM,26A,JLN MEMBINA,60.0,Model A,2008,85 years 03 months,738000.0,26.0,68.0
BUKIT MERAH,3 ROOM,34,KIM CHENG ST,88.0,Standard,1973,49 years 05 months,742888.0,2.0,68.0
BUKIT MERAH,3 ROOM,127C,KIM TIAN RD,62.0,Model A,2013,89 years 06 months,617000.0,26.0,68.0
BUKIT MERAH,3 ROOM,86,REDHILL CL,59.0,Improved,1973,49 years 06 months,370000.0,14.0,68.0
BUKIT MERAH,3 ROOM,86,REDHILL CL,59.0,Improved,1973,49 years 05 months,368000.0,8.0,68.0
BUKIT MERAH,3 ROOM,148,SILAT AVE,67.0,New Generation,1982,59 years 02 months,370000.0,2.0,68.0
BUKIT MERAH,3 ROOM,12,TAMAN HO SWEE,54.0,Standard,1970,46 years 05 months,310000.0,5.0,68.0
BUKIT MERAH,3 ROOM,18,TAMAN HO SWEE,54.0,Standard,1970,46 years 05 months,342000.0,5.0,68.0
BUKIT MERAH,3 ROOM,20,TELOK BLANGAH CRES,65.0,Improved,1975,51 years 07 months,305000.0,2.0,68.0
BUKIT MERAH,3 ROOM,6,TELOK BLANGAH CRES,76.0,Improved,1975,51 years 05 months,345000.0,5.0,68.0
BUKIT MERAH,3 ROOM,18,TELOK BLANGAH CRES,65.0,Improved,1975,51 years 08 months,360000.0,14.0,68.0
BUKIT MERAH,3 ROOM,1,TELOK BLANGAH CRES,66.0,Improved,1983,59 years 08 months,345000.0,5.0,68.0
BUKIT MERAH,3 ROOM,5,TELOK BLANGAH CRES,66.0,Improved,1983,59 years 09 months,335000.0,2.0,68.0
BUKIT MERAH,3 ROOM,77,TELOK BLANGAH DR,67.0,New Generation,1978,54 years 05 months,360000.0,2.0,68.0
BUKIT MERAH,3 ROOM,44,TELOK BLANGAH DR,65.0,Improved,1976,52 years 05 months,325000.0,5.0,68.0
BUKIT MERAH,3 ROOM,47,TELOK BLANGAH DR,65.0,Improved,1976,52 years 05 months,388888.0,5.0,68.0
BUKIT MERAH,3 ROOM,64,TELOK BLANGAH DR,67.0,New Generation,1978,54 years 11 months,365000.0,5.0,68.0
BUKIT MERAH,3 ROOM,33,TELOK BLANGAH WAY,59.0,Improved,1976,52 years 08 months,313300.0,5.0,68.0
BUKIT MERAH,3 ROOM,33,TELOK BLANGAH WAY,59.0,Improved,1976,52 years 08 months,302000.0,5.0,68.0
BUKIT MERAH,4 ROOM,120,BT MERAH VIEW,88.0,Improved,1973,49 years 05 months,505000.0,14.0,68.0
BUKIT MERAH,4 ROOM,105,BT PURMEI RD,91.0,New Generation,1983,59 years 06 months,620000.0,8.0,68.0
BUKIT MERAH,4 ROOM,12,CANTONMENT CL,75.0,Model A,2003,79 years 05 months,722000.0,29.0,68.0
BUKIT MERAH,4 ROOM,8,CANTONMENT CL,90.0,Model A,2002,79 years 04 months,988000.0,29.0,68.0
BUKIT MERAH,4 ROOM,5,DELTA AVE,91.0,New Generation,1985,62 years 03 months,685000.0,5.0,68.0
BUKIT MERAH,4 ROOM,106A,DEPOT RD,100.0,Model A,2000,76 years 11 months,655000.0,14.0,68.0
BUKIT MERAH,4 ROOM,105A,DEPOT RD,92.0,Model A,2017,94 years 03 months,785000.0,11.0,68.0
BUKIT MERAH,4 ROOM,105A,DEPOT RD,92.0,Model A,2017,94 years 03 months,818888.0,17.0,68.0
BUKIT MERAH,4 ROOM,54,HAVELOCK RD,89.0,Model A,2013,89 years 09 months,938000.0,29.0,68.0
BUKIT MERAH,4 ROOM,56,HAVELOCK RD,94.0,Model A,2013,89 years 09 months,850000.0,8.0,68.0
BUKIT MERAH,4 ROOM,25B,JLN MEMBINA,90.0,Model A,2009,85 years 05 months,770000.0,5.0,68.0
BUKIT MERAH,4 ROOM,118C,JLN MEMBINA,85.0,Model A,2003,79 years 05 months,735000.0,14.0,68.0
BUKIT MERAH,4 ROOM,25B,JLN MEMBINA,90.0,Model A,2009,85 years 04 months,854000.0,20.0,68.0
BUKIT MERAH,4 ROOM,118A,JLN MEMBINA,91.0,Model A,2003,79 years 05 months,640000.0,8.0,68.0
BUKIT MERAH,4 ROOM,127D,KIM TIAN RD,93.0,Model A,2013,89 years 06 months,880000.0,20.0,68.0
BUKIT MERAH,4 ROOM,6,KIM TIAN RD,107.0,Model A,1995,72 years,835000.0,11.0,68.0
BUKIT MERAH,4 ROOM,46,LENGKOK BAHRU,106.0,Model A,1984,60 years 11 months,600000.0,8.0,68.0
BUKIT MERAH,4 ROOM,53,LENGKOK BAHRU,84.0,Simplified,1986,63 years 02 months,540000.0,11.0,68.0
BUKIT MERAH,4 ROOM,51,LENGKOK BAHRU,84.0,Simplified,1986,63 years 02 months,560000.0,2.0,68.0
BUKIT MERAH,4 ROOM,75C,REDHILL RD,100.0,Model A,2007,83 years 05 months,860000.0,14.0,68.0
BUKIT MERAH,4 ROOM,75B,REDHILL RD,100.0,Model A,2005,82 years 04 months,930000.0,29.0,68.0
BUKIT MERAH,4 ROOM,24,TELOK BLANGAH CRES,82.0,Improved,1975,51 years 09 months,475000.0,5.0,68.0
BUKIT MERAH,4 ROOM,17A,TELOK BLANGAH CRES,100.0,Model A,2002,78 years 05 months,765000.0,29.0,68.0
BUKIT MERAH,4 ROOM,51,TELOK BLANGAH DR,92.0,New Generation,1978,54 years 11 months,583000.0,8.0,68.0
BUKIT MERAH,4 ROOM,70B,TELOK BLANGAH HTS,93.0,Model A,2017,93 years 09 months,857000.0,17.0,68.0
BUKIT MERAH,4 ROOM,57,TELOK BLANGAH HTS,91.0,New Generation,1976,53 years 01 month,472000.0,2.0,68.0
BUKIT MERAH,4 ROOM,58,TELOK BLANGAH HTS,91.0,New Generation,1976,53 years 01 month,600000.0,11.0,68.0
BUKIT MERAH,4 ROOM,70B,TELOK BLANGAH HTS,93.0,Model A,2017,93 years 09 months,917000.0,26.0,68.0
BUKIT MERAH,4 ROOM,70B,TELOK BLANGAH HTS,93.0,Model A,2017,93 years 09 months,788000.0,17.0,68.0
BUKIT MERAH,4 ROOM,69,TELOK BLANGAH HTS,91.0,New Generation,1978,54 years 05 months,520000.0,14.0,68.0
BUKIT MERAH,5 ROOM,8B,BOON TIONG RD,115.0,Improved,2005,82 years 02 months,1108000.0,11.0,68.0
BUKIT MERAH,5 ROOM,9B,BOON TIONG RD,112.0,Improved,2016,92 years 05 months,1280000.0,17.0,68.0
BUKIT MERAH,5 ROOM,4B,BOON TIONG RD,115.0,Improved,2005,82 years 02 months,1055000.0,20.0,68.0
BUKIT MERAH,5 ROOM,2C,BOON TIONG RD,115.0,Improved,2001,77 years 04 months,930000.0,2.0,68.0
BUKIT MERAH,5 ROOM,124A,BT MERAH VIEW,127.0,Improved,1996,73 years 01 month,893500.0,5.0,68.0
BUKIT MERAH,5 ROOM,19,CANTONMENT CL,110.0,Improved,2002,79 years 03 months,960000.0,11.0,68.0
BUKIT MERAH,5 ROOM,53,HAVELOCK RD,114.0,Improved,2013,89 years 09 months,1060000.0,14.0,68.0
BUKIT MERAH,5 ROOM,95,HAVELOCK RD,118.0,Improved,1983,60 years,940000.0,11.0,68.0
BUKIT MERAH,5 ROOM,96A,HENDERSON RD,113.0,Improved,2019,95 years 09 months,1320000.0,38.0,68.0
BUKIT MERAH,5 ROOM,7,KIM TIAN PL,131.0,Model A,1984,60 years 11 months,960000.0,2.0,68.0
BUKIT MERAH,5 ROOM,48,LENGKOK BAHRU,122.0,Improved,1986,62 years 11 months,696800.0,2.0,68.0
BUKIT MERAH,5 ROOM,63A,LENGKOK BAHRU,121.0,Improved,2001,78 years 03 months,1000000.0,23.0,68.0
BUKIT MERAH,5 ROOM,49,TELOK BLANGAH DR,123.0,Standard,1976,53 years 03 months,750000.0,11.0,68.0
BUKIT MERAH,5 ROOM,66,TELOK BLANGAH DR,118.0,Standard,1978,54 years 11 months,670000.0,8.0,68.0
BUKIT MERAH,5 ROOM,86,TELOK BLANGAH HTS,111.0,Improved,2003,79 years 08 months,833000.0,14.0,68.0
BUKIT MERAH,2 ROOM,76,TELOK BLANGAH DR,44.0,Improved,1978,54 years 04 months,265000.0,5.0,69.0
BUKIT MERAH,3 ROOM,10A,BOON TIONG RD,62.0,Model A,2016,92 years 04 months,800000.0,20.0,69.0
BUKIT MERAH,3 ROOM,10A,BOON TIONG RD,62.0,Model A,2016,92 years 04 months,730000.0,20.0,69.0
BUKIT MERAH,3 ROOM,119,BT MERAH VIEW,65.0,Improved,1983,59 years 04 months,408888.0,14.0,69.0
BUKIT MERAH,3 ROOM,105A,DEPOT RD,67.0,Model A,2017,94 years 02 months,580000.0,5.0,69.0
BUKIT MERAH,3 ROOM,7,EVERTON PK,82.0,New Generation,1980,57 years 02 months,545000.0,8.0,69.0
BUKIT MERAH,3 ROOM,52,HAVELOCK RD,69.0,Model A,2013,89 years 08 months,660000.0,8.0,69.0
BUKIT MERAH,3 ROOM,96B,HENDERSON RD,68.0,Model A,2019,95 years 08 months,685000.0,11.0,69.0
BUKIT MERAH,3 ROOM,28,HOY FATT RD,60.0,Standard,1967,43 years 09 months,333000.0,5.0,69.0
BUKIT MERAH,3 ROOM,26D,JLN MEMBINA,60.0,Model A,2009,85 years 04 months,578000.0,11.0,69.0
BUKIT MERAH,3 ROOM,26D,JLN MEMBINA,60.0,Model A,2009,85 years 04 months,610000.0,14.0,69.0
BUKIT MERAH,3 ROOM,34,KIM CHENG ST,88.0,Standard,1973,49 years 04 months,760000.0,2.0,69.0
BUKIT MERAH,3 ROOM,126C,KIM TIAN RD,62.0,Model A,2013,89 years 05 months,525000.0,2.0,69.0
BUKIT MERAH,3 ROOM,86,REDHILL CL,59.0,Improved,1973,49 years 04 months,352888.0,11.0,69.0
BUKIT MERAH,3 ROOM,149,SILAT AVE,67.0,New Generation,1982,59 years 03 months,380000.0,5.0,69.0
BUKIT MERAH,3 ROOM,13,TELOK BLANGAH CRES,76.0,Improved,1975,52 years 03 months,368000.0,8.0,69.0
BUKIT MERAH,3 ROOM,8,TELOK BLANGAH CRES,59.0,Improved,1975,51 years 07 months,330000.0,8.0,69.0
BUKIT MERAH,3 ROOM,22,TELOK BLANGAH CRES,70.0,Improved,1975,51 years 08 months,400000.0,8.0,69.0
BUKIT MERAH,3 ROOM,65,TELOK BLANGAH DR,67.0,New Generation,1978,54 years 10 months,350000.0,8.0,69.0
BUKIT MERAH,3 ROOM,44,TELOK BLANGAH DR,65.0,Improved,1976,52 years 04 months,361888.0,8.0,69.0
BUKIT MERAH,3 ROOM,61,TELOK BLANGAH HTS,67.0,New Generation,1976,53 years,378000.0,5.0,69.0
BUKIT MERAH,3 ROOM,80C,TELOK BLANGAH ST 31,68.0,Premium Apartment,2013,89 years 11 months,658000.0,11.0,69.0
BUKIT MERAH,4 ROOM,10B,BOON TIONG RD,87.0,Model A,2016,92 years 04 months,960000.0,11.0,69.0
BUKIT MERAH,4 ROOM,2A,BOON TIONG RD,100.0,Model A,2001,77 years 04 months,850000.0,20.0,69.0
BUKIT MERAH,4 ROOM,120,BT MERAH VIEW,88.0,Improved,1973,49 years 04 months,510000.0,8.0,69.0
BUKIT MERAH,4 ROOM,102,HENDERSON CRES,80.0,Standard,1970,46 years 10 months,460000.0,5.0,69.0
BUKIT MERAH,4 ROOM,102,HENDERSON CRES,80.0,Standard,1970,46 years 10 months,475000.0,8.0,69.0
BUKIT MERAH,4 ROOM,96B,HENDERSON RD,93.0,Model A,2019,95 years 08 months,1038888.0,26.0,69.0
BUKIT MERAH,4 ROOM,25B,JLN MEMBINA,90.0,Model A,2009,85 years 04 months,775000.0,5.0,69.0
BUKIT MERAH,4 ROOM,118D,JLN MEMBINA,92.0,Model A,2003,79 years 04 months,800000.0,20.0,69.0
BUKIT MERAH,4 ROOM,26C,JLN MEMBINA,90.0,Model A,2009,85 years 04 months,820000.0,17.0,69.0
BUKIT MERAH,4 ROOM,129,KIM TIAN RD,88.0,Improved,1976,52 years 04 months,508000.0,2.0,69.0
BUKIT MERAH,4 ROOM,126C,KIM TIAN RD,87.0,Model A,2013,89 years 05 months,835000.0,17.0,69.0
BUKIT MERAH,4 ROOM,69,REDHILL CL,100.0,Model A,2001,77 years 05 months,785000.0,29.0,69.0
BUKIT MERAH,4 ROOM,75C,REDHILL RD,100.0,Model A,2007,83 years 04 months,880000.0,14.0,69.0
BUKIT MERAH,4 ROOM,75B,REDHILL RD,100.0,Model A,2005,82 years 03 months,880000.0,14.0,69.0
BUKIT MERAH,4 ROOM,148,SILAT AVE,93.0,New Generation,1982,59 years 01 month,600000.0,14.0,69.0
BUKIT MERAH,4 ROOM,24,TELOK BLANGAH CRES,82.0,Improved,1975,51 years 08 months,405000.0,5.0,69.0
BUKIT MERAH,4 ROOM,50,TELOK BLANGAH DR,98.0,New Generation,1978,54 years 10 months,560000.0,8.0,69.0
BUKIT MERAH,4 ROOM,70C,TELOK BLANGAH HTS,93.0,Model A,2017,93 years 08 months,750000.0,5.0,69.0
BUKIT MERAH,4 ROOM,70C,TELOK BLANGAH HTS,93.0,Model A,2017,93 years 08 months,840000.0,5.0,69.0
BUKIT MERAH,4 ROOM,91A,TELOK BLANGAH ST 31,93.0,Model A,2018,95 years 03 months,912000.0,26.0,69.0
BUKIT MERAH,5 ROOM,117,BT MERAH CTRL,117.0,Improved,1977,54 years 02 months,760000.0,20.0,69.0
BUKIT MERAH,5 ROOM,9,CANTONMENT CL,110.0,Improved,2002,79 years 03 months,1150000.0,23.0,69.0
BUKIT MERAH,5 ROOM,104B,DEPOT RD,116.0,Improved,2000,76 years 10 months,808000.0,14.0,69.0
BUKIT MERAH,5 ROOM,113,DEPOT RD,117.0,Standard,1976,53 years 02 months,680000.0,5.0,69.0
BUKIT MERAH,5 ROOM,1,EVERTON PK,138.0,Improved,1980,57 years 02 months,855000.0,8.0,69.0
BUKIT MERAH,5 ROOM,53,HAVELOCK RD,114.0,Improved,2013,89 years 08 months,1125000.0,29.0,69.0
BUKIT MERAH,5 ROOM,25A,JLN MEMBINA,110.0,Improved,2008,85 years,980888.0,8.0,69.0
BUKIT MERAH,5 ROOM,118C,JLN MEMBINA,110.0,Improved,2003,79 years 04 months,900000.0,14.0,69.0
BUKIT MERAH,5 ROOM,7,KIM TIAN PL,131.0,Model A,1984,60 years 10 months,920000.0,5.0,69.0
BUKIT MERAH,5 ROOM,119C,KIM TIAN RD,110.0,Improved,2003,79 years 09 months,865000.0,20.0,69.0
BUKIT MERAH,5 ROOM,119D,KIM TIAN RD,110.0,Improved,2002,79 years 01 month,898000.0,17.0,69.0
BUKIT MERAH,5 ROOM,63B,LENGKOK BAHRU,115.0,Improved,2001,78 years 02 months,990000.0,11.0,69.0
BUKIT MERAH,5 ROOM,69,REDHILL CL,115.0,Improved,2001,77 years 05 months,978000.0,29.0,69.0
BUKIT MERAH,5 ROOM,75A,REDHILL RD,115.0,Improved,2005,82 years 03 months,970000.0,17.0,69.0
BUKIT MERAH,5 ROOM,75B,REDHILL RD,115.0,Improved,2005,82 years 03 months,1000000.0,14.0,69.0
BUKIT MERAH,5 ROOM,110,SPOTTISWOODE PK RD,121.0,Standard,1979,56 years 01 month,858888.0,17.0,69.0
BUKIT MERAH,5 ROOM,103,SPOTTISWOODE PK RD,122.0,Standard,1979,56 years 01 month,850000.0,8.0,69.0
BUKIT MERAH,5 ROOM,104,SPOTTISWOODE PK RD,122.0,Standard,1979,56 years 01 month,780000.0,8.0,69.0
BUKIT MERAH,5 ROOM,14,TELOK BLANGAH CRES,121.0,Improved,1999,76 years 01 month,780000.0,8.0,69.0
BUKIT MERAH,5 ROOM,67,TELOK BLANGAH DR,118.0,Standard,1978,54 years 10 months,680000.0,5.0,69.0
BUKIT MERAH,5 ROOM,66,TELOK BLANGAH DR,120.0,Standard,1978,54 years 10 months,518000.0,2.0,69.0
BUKIT MERAH,5 ROOM,74,TELOK BLANGAH HTS,117.0,Standard,1978,54 years 04 months,718000.0,11.0,69.0
BUKIT MERAH,5 ROOM,87,ZION RD,114.0,Improved,1974,50 years 09 months,921000.0,14.0,69.0
BUKIT MERAH,5 ROOM,87,ZION RD,117.0,Improved,1974,50 years 09 months,930000.0,5.0,69.0
BUKIT MERAH,1 ROOM,7,TELOK BLANGAH CRES,31.0,Improved,1975,51 years 06 months,233888.0,5.0,70.0
BUKIT MERAH,2 ROOM,28,HOY FATT RD,47.0,Standard,1967,43 years 08 months,270000.0,8.0,70.0
BUKIT MERAH,2 ROOM,45,TELOK BLANGAH DR,45.0,Improved,1976,52 years 03 months,283000.0,8.0,70.0
BUKIT MERAH,2 ROOM,45,TELOK BLANGAH DR,45.0,Improved,1976,52 years 03 months,270000.0,5.0,70.0
BUKIT MERAH,3 ROOM,102,BT PURMEI RD,73.0,Model A,1984,60 years 06 months,445000.0,5.0,70.0
BUKIT MERAH,3 ROOM,109,BT PURMEI RD,74.0,Model A,1984,60 years 10 months,407000.0,8.0,70.0
BUKIT MERAH,3 ROOM,112,BT PURMEI RD,74.0,Model A,1985,61 years 05 months,455000.0,11.0,70.0
BUKIT MERAH,3 ROOM,8,CANTONMENT CL,60.0,Model A,2002,79 years 02 months,600000.0,17.0,70.0
BUKIT MERAH,3 ROOM,105A,DEPOT RD,67.0,Model A,2017,94 years 01 month,595000.0,14.0,70.0
BUKIT MERAH,3 ROOM,110A,DEPOT RD,67.0,Model A,2017,94 years 01 month,620000.0,11.0,70.0
BUKIT MERAH,3 ROOM,96B,HENDERSON RD,68.0,Model A,2019,95 years 08 months,680000.0,11.0,70.0
BUKIT MERAH,3 ROOM,95A,HENDERSON RD,68.0,Model A,2019,95 years 07 months,690000.0,17.0,70.0
BUKIT MERAH,3 ROOM,95B,HENDERSON RD,68.0,Model A,2019,95 years 07 months,728000.0,23.0,70.0
BUKIT MERAH,3 ROOM,95A,HENDERSON RD,68.0,Model A,2019,95 years 07 months,720000.0,20.0,70.0
BUKIT MERAH,3 ROOM,26B,JLN MEMBINA,60.0,Model A,2009,85 years 03 months,639000.0,17.0,70.0
BUKIT MERAH,3 ROOM,16,TAMAN HO SWEE,54.0,Standard,1970,46 years 04 months,320000.0,5.0,70.0
BUKIT MERAH,3 ROOM,21,TELOK BLANGAH CRES,65.0,Improved,1975,51 years 08 months,336000.0,8.0,70.0
BUKIT MERAH,3 ROOM,13,TELOK BLANGAH CRES,76.0,Improved,1975,52 years 02 months,410000.0,8.0,70.0
BUKIT MERAH,3 ROOM,54,TELOK BLANGAH DR,73.0,New Generation,1978,54 years 03 months,380000.0,11.0,70.0
BUKIT MERAH,3 ROOM,42,TELOK BLANGAH RISE,59.0,Improved,1976,52 years 06 months,343000.0,5.0,70.0
BUKIT MERAH,3 ROOM,32,TELOK BLANGAH RISE,70.0,Improved,1976,52 years 07 months,320000.0,2.0,70.0
BUKIT MERAH,3 ROOM,80B,TELOK BLANGAH ST 31,67.0,Premium Apartment,2013,89 years 10 months,675000.0,17.0,70.0
BUKIT MERAH,4 ROOM,6B,BOON TIONG RD,100.0,Model A,2005,82 years,908000.0,17.0,70.0
BUKIT MERAH,4 ROOM,2A,BOON TIONG RD,100.0,Model A,2001,77 years 03 months,870000.0,8.0,70.0
BUKIT MERAH,4 ROOM,108,BT PURMEI RD,104.0,Model A,1984,60 years 09 months,585000.0,5.0,70.0
BUKIT MERAH,4 ROOM,104B,DEPOT RD,100.0,Model A,2000,76 years 09 months,670000.0,17.0,70.0
BUKIT MERAH,4 ROOM,103A,DEPOT RD,90.0,Model A,2002,78 years 07 months,555000.0,2.0,70.0
BUKIT MERAH,4 ROOM,105A,DEPOT RD,92.0,Model A,2017,94 years 01 month,833000.0,17.0,70.0
BUKIT MERAH,4 ROOM,104,HENDERSON CRES,74.0,Standard,1970,46 years 10 months,440000.0,5.0,70.0
BUKIT MERAH,4 ROOM,50,HOY FATT RD,84.0,Simplified,1987,63 years 03 months,480000.0,5.0,70.0
BUKIT MERAH,4 ROOM,26D,JLN MEMBINA,90.0,Model A,2009,85 years 03 months,830000.0,17.0,70.0
BUKIT MERAH,4 ROOM,118A,JLN MEMBINA,92.0,Model A,2003,79 years 03 months,775000.0,29.0,70.0
BUKIT MERAH,4 ROOM,25B,JLN MEMBINA,90.0,Model A,2009,85 years 03 months,855000.0,8.0,70.0
BUKIT MERAH,4 ROOM,25A,JLN MEMBINA,90.0,Model A,2008,84 years 11 months,856668.0,20.0,70.0
BUKIT MERAH,4 ROOM,129,KIM TIAN RD,88.0,Improved,1976,52 years 04 months,518000.0,8.0,70.0
BUKIT MERAH,4 ROOM,128,KIM TIAN RD,88.0,Improved,1975,51 years 03 months,455000.0,11.0,70.0
BUKIT MERAH,4 ROOM,127D,KIM TIAN RD,93.0,Model A,2013,89 years 04 months,835000.0,8.0,70.0
BUKIT MERAH,4 ROOM,129,KIM TIAN RD,88.0,Improved,1976,52 years 03 months,545000.0,14.0,70.0
BUKIT MERAH,4 ROOM,75A,REDHILL RD,100.0,Model A,2005,82 years 02 months,920000.0,26.0,70.0
BUKIT MERAH,4 ROOM,70B,TELOK BLANGAH HTS,93.0,Model A,2017,93 years 07 months,940000.0,26.0,70.0
BUKIT MERAH,4 ROOM,69,TELOK BLANGAH HTS,92.0,New Generation,1978,54 years 04 months,525000.0,11.0,70.0
BUKIT MERAH,4 ROOM,70C,TELOK BLANGAH HTS,93.0,Model A,2017,93 years 07 months,900000.0,23.0,70.0
BUKIT MERAH,5 ROOM,117,BT MERAH CTRL,117.0,Improved,1977,54 years 01 month,665000.0,14.0,70.0
BUKIT MERAH,5 ROOM,111A,DEPOT RD,115.0,Improved,2006,82 years 03 months,700000.0,2.0,70.0
BUKIT MERAH,5 ROOM,56,HAVELOCK RD,115.0,Improved,2013,89 years 07 months,1150000.0,23.0,70.0
BUKIT MERAH,5 ROOM,119C,KIM TIAN RD,110.0,Improved,2003,79 years 07 months,970000.0,26.0,70.0
BUKIT MERAH,5 ROOM,63B,LENGKOK BAHRU,120.0,Improved,2001,78 years 01 month,850000.0,8.0,70.0
BUKIT MERAH,5 ROOM,73A,REDHILL RD,115.0,Improved,2005,82 years 01 month,980000.0,8.0,70.0
BUKIT MERAH,5 ROOM,76A,REDHILL RD,115.0,Improved,2005,82 years 02 months,1030000.0,29.0,70.0
BUKIT MERAH,5 ROOM,104,SPOTTISWOODE PK RD,121.0,Standard,1979,56 years 01 month,740000.0,2.0,70.0
BUKIT MERAH,5 ROOM,42,TELOK BLANGAH RISE,141.0,Adjoined flat,1976,52 years 06 months,860000.0,11.0,70.0
BUKIT MERAH,1 ROOM,7,TELOK BLANGAH CRES,31.0,Improved,1975,51 years 04 months,235000.0,5.0,71.0
BUKIT MERAH,2 ROOM,24,BEO CRES,48.0,Standard,1971,47 years 08 months,270000.0,5.0,71.0
BUKIT MERAH,3 ROOM,129,BT MERAH VIEW,76.0,Improved,1973,49 years 08 months,455000.0,17.0,71.0
BUKIT MERAH,3 ROOM,107,BT PURMEI RD,67.0,New Generation,1983,59 years 02 months,378888.0,8.0,71.0
BUKIT MERAH,3 ROOM,2,EVERTON PK,72.0,New Generation,1980,57 years,503000.0,8.0,71.0
BUKIT MERAH,3 ROOM,52,HAVELOCK RD,69.0,Model A,2013,89 years 06 months,652000.0,8.0,71.0
BUKIT MERAH,3 ROOM,28,HOY FATT RD,60.0,Standard,1967,43 years 07 months,305000.0,8.0,71.0
BUKIT MERAH,3 ROOM,78,INDUS RD,65.0,Improved,1982,58 years 10 months,455000.0,14.0,71.0
BUKIT MERAH,3 ROOM,26A,JLN MEMBINA,60.0,Model A,2008,85 years 01 month,583200.0,11.0,71.0
BUKIT MERAH,3 ROOM,12,TELOK BLANGAH CRES,59.0,Improved,1975,51 years 05 months,325000.0,8.0,71.0
BUKIT MERAH,3 ROOM,1,TELOK BLANGAH CRES,66.0,Improved,1983,59 years 06 months,350000.0,5.0,71.0
BUKIT MERAH,3 ROOM,21,TELOK BLANGAH CRES,65.0,Improved,1975,51 years 06 months,370000.0,11.0,71.0
BUKIT MERAH,3 ROOM,16,TELOK BLANGAH CRES,76.0,Improved,1975,51 years 05 months,368000.0,11.0,71.0
BUKIT MERAH,3 ROOM,61,TELOK BLANGAH HTS,67.0,New Generation,1976,52 years 10 months,400000.0,5.0,71.0
BUKIT MERAH,3 ROOM,43,TELOK BLANGAH RISE,59.0,Improved,1976,52 years 05 months,400000.0,14.0,71.0
BUKIT MERAH,3 ROOM,31,TELOK BLANGAH RISE,59.0,Improved,1976,52 years 06 months,330000.0,5.0,71.0
BUKIT MERAH,3 ROOM,92A,TELOK BLANGAH ST 31,68.0,Model A,2018,95 years 01 month,730000.0,26.0,71.0
BUKIT MERAH,3 ROOM,93A,TELOK BLANGAH ST 31,68.0,Model A,2018,95 years 01 month,722000.0,23.0,71.0
BUKIT MERAH,4 ROOM,124A,BT MERAH VIEW,108.0,Model A,1996,72 years 10 months,775777.0,8.0,71.0
BUKIT MERAH,4 ROOM,115,BT PURMEI RD,106.0,Model A,1985,61 years 04 months,690000.0,11.0,71.0
BUKIT MERAH,4 ROOM,16,CANTONMENT CL,90.0,Model A,2003,79 years 03 months,785000.0,8.0,71.0
BUKIT MERAH,4 ROOM,19,CANTONMENT CL,90.0,Model A,2002,79 years 02 months,896000.0,23.0,71.0
BUKIT MERAH,4 ROOM,54,HAVELOCK RD,94.0,Model A,2013,89 years 06 months,880000.0,5.0,71.0
BUKIT MERAH,4 ROOM,57,HAVELOCK RD,89.0,Model A,2013,89 years 06 months,879000.0,11.0,71.0
BUKIT MERAH,4 ROOM,101,HENDERSON CRES,74.0,Standard,1970,46 years 08 months,485000.0,8.0,71.0
BUKIT MERAH,4 ROOM,121A,KIM TIAN PL,90.0,Model A,2001,77 years 03 months,750000.0,5.0,71.0
BUKIT MERAH,4 ROOM,127A,KIM TIAN RD,93.0,Model A,2013,89 years 03 months,710000.0,2.0,71.0
BUKIT MERAH,4 ROOM,63B,LENGKOK BAHRU,90.0,Model A,2001,78 years 01 month,768000.0,17.0,71.0
BUKIT MERAH,4 ROOM,51,LENGKOK BAHRU,84.0,Simplified,1986,62 years 11 months,565000.0,11.0,71.0
BUKIT MERAH,4 ROOM,53,LENGKOK BAHRU,84.0,Simplified,1986,62 years 11 months,628000.0,8.0,71.0
BUKIT MERAH,4 ROOM,17,TELOK BLANGAH CRES,101.0,Model A,2002,78 years 02 months,550000.0,2.0,71.0
BUKIT MERAH,4 ROOM,50,TELOK BLANGAH DR,98.0,New Generation,1978,54 years 09 months,600000.0,11.0,71.0
BUKIT MERAH,4 ROOM,59,TELOK BLANGAH HTS,91.0,New Generation,1976,52 years 11 months,420000.0,2.0,71.0
BUKIT MERAH,4 ROOM,80C,TELOK BLANGAH ST 31,93.0,Premium Apartment,2013,89 years 10 months,910000.0,23.0,71.0
BUKIT MERAH,4 ROOM,90B,TELOK BLANGAH ST 31,93.0,Model A,2018,95 years 01 month,925000.0,23.0,71.0
BUKIT MERAH,4 ROOM,90B,TELOK BLANGAH ST 31,93.0,Model A,2018,95 years,885000.0,8.0,71.0
BUKIT MERAH,4 ROOM,90B,TELOK BLANGAH ST 31,93.0,Model A,2018,95 years 01 month,900000.0,14.0,71.0
BUKIT MERAH,4 ROOM,93A,TELOK BLANGAH ST 31,93.0,Model A,2018,95 years 01 month,870000.0,14.0,71.0
BUKIT MERAH,5 ROOM,4A,BOON TIONG RD,115.0,Improved,2005,81 years 11 months,1120000.0,17.0,71.0
BUKIT MERAH,5 ROOM,125,BT MERAH VIEW,132.0,Model A,1996,72 years 10 months,1058888.0,14.0,71.0
BUKIT MERAH,5 ROOM,53,HAVELOCK RD,114.0,Improved,2013,89 years 05 months,1143000.0,29.0,71.0
BUKIT MERAH,5 ROOM,27B,JLN MEMBINA,110.0,Improved,2008,85 years,985000.0,8.0,71.0
BUKIT MERAH,5 ROOM,121,KIM TIAN PL,115.0,Improved,2001,77 years 04 months,980000.0,14.0,71.0
BUKIT MERAH,5 ROOM,119D,KIM TIAN RD,110.0,Improved,2002,78 years 11 months,978000.0,26.0,71.0
BUKIT MERAH,5 ROOM,119B,KIM TIAN RD,110.0,Improved,2002,79 years,895000.0,29.0,71.0
BUKIT MERAH,5 ROOM,82,REDHILL LANE,126.0,Improved,1996,73 years,855000.0,14.0,71.0
BUKIT MERAH,5 ROOM,74A,REDHILL RD,115.0,Improved,2005,82 years 01 month,988000.0,20.0,71.0
BUKIT MERAH,5 ROOM,66,TELOK BLANGAH DR,118.0,Standard,1978,54 years 08 months,725888.0,14.0,71.0
BUKIT MERAH,5 ROOM,48,TELOK BLANGAH DR,120.0,Standard,1976,53 years,750000.0,11.0,71.0
BUKIT MERAH,5 ROOM,48,TELOK BLANGAH DR,123.0,Standard,1976,53 years,895000.0,26.0,71.0
BUKIT MERAH,5 ROOM,73,TELOK BLANGAH HTS,117.0,Standard,1978,54 years 02 months,708888.0,2.0,71.0
BUKIT MERAH,5 ROOM,87,ZION RD,117.0,Improved,1974,50 years 08 months,978000.0,14.0,71.0
BUKIT MERAH,5 ROOM,87,ZION RD,114.0,Improved,1974,50 years 07 months,950000.0,23.0,71.0
BUKIT MERAH,2 ROOM,24,BEO CRES,48.0,Standard,1971,47 years 08 months,272000.0,8.0,72.0
BUKIT MERAH,2 ROOM,24,BEO CRES,48.0,Standard,1971,47 years 09 months,280000.0,2.0,72.0
BUKIT MERAH,3 ROOM,130,BT MERAH VIEW,65.0,Improved,1973,49 years 07 months,382000.0,8.0,72.0
BUKIT MERAH,3 ROOM,119,BT MERAH VIEW,65.0,Improved,1983,59 years 02 months,420000.0,17.0,72.0
BUKIT MERAH,3 ROOM,16,CANTONMENT CL,60.0,Model A,2003,79 years 01 month,618000.0,26.0,72.0
BUKIT MERAH,3 ROOM,105A,DEPOT RD,67.0,Model A,2017,93 years 11 months,595000.0,8.0,72.0
BUKIT MERAH,3 ROOM,110A,DEPOT RD,67.0,Model A,2017,93 years 11 months,585000.0,11.0,72.0
BUKIT MERAH,3 ROOM,5,EVERTON PK,72.0,New Generation,1980,56 years 10 months,495000.0,5.0,72.0
BUKIT MERAH,3 ROOM,52,HAVELOCK RD,69.0,Model A,2013,89 years 05 months,720000.0,26.0,72.0
BUKIT MERAH,3 ROOM,95A,HENDERSON RD,68.0,Model A,2019,95 years 06 months,740000.0,26.0,72.0
BUKIT MERAH,3 ROOM,127A,KIM TIAN RD,62.0,Model A,2013,89 years 01 month,680000.0,41.0,72.0
BUKIT MERAH,3 ROOM,23,LIM LIAK ST,75.0,Standard,1973,49 years 01 month,718000.0,2.0,72.0
BUKIT MERAH,3 ROOM,25,LIM LIAK ST,88.0,Standard,1973,49 years 01 month,682888.0,5.0,72.0
BUKIT MERAH,3 ROOM,46,SENG POH RD,88.0,Standard,1973,49 years 01 month,675000.0,2.0,72.0
BUKIT MERAH,3 ROOM,149,SILAT AVE,67.0,New Generation,1982,59 years,390000.0,5.0,72.0
BUKIT MERAH,3 ROOM,22,TELOK BLANGAH CRES,59.0,Improved,1975,51 years 06 months,346000.0,8.0,72.0
BUKIT MERAH,3 ROOM,5,TELOK BLANGAH CRES,75.0,Improved,1983,59 years 05 months,437000.0,8.0,72.0
BUKIT MERAH,3 ROOM,15,TELOK BLANGAH CRES,76.0,Improved,1975,51 years 04 months,350000.0,17.0,72.0
BUKIT MERAH,3 ROOM,18,TELOK BLANGAH CRES,65.0,Improved,1975,51 years 04 months,320000.0,8.0,72.0
BUKIT MERAH,3 ROOM,12,TELOK BLANGAH CRES,59.0,Improved,1975,51 years 04 months,322000.0,8.0,72.0
BUKIT MERAH,3 ROOM,1,TELOK BLANGAH CRES,66.0,Improved,1983,59 years 04 months,390000.0,14.0,72.0
BUKIT MERAH,3 ROOM,21,TELOK BLANGAH CRES,65.0,Improved,1975,51 years 04 months,355000.0,8.0,72.0
BUKIT MERAH,3 ROOM,10,TELOK BLANGAH CRES,59.0,Improved,1975,51 years 04 months,320000.0,11.0,72.0
BUKIT MERAH,3 ROOM,21,TELOK BLANGAH CRES,65.0,Improved,1975,51 years 04 months,330000.0,8.0,72.0
BUKIT MERAH,3 ROOM,54,TELOK BLANGAH DR,73.0,New Generation,1978,54 years 01 month,420100.0,8.0,72.0
BUKIT MERAH,3 ROOM,70A,TELOK BLANGAH HTS,68.0,Model A,2017,93 years 05 months,623000.0,8.0,72.0
BUKIT MERAH,3 ROOM,42,TELOK BLANGAH RISE,70.0,Improved,1976,52 years 04 months,280000.0,8.0,72.0
BUKIT MERAH,3 ROOM,91A,TELOK BLANGAH ST 31,68.0,Model A,2018,95 years 01 month,682000.0,14.0,72.0
BUKIT MERAH,3 ROOM,92A,TELOK BLANGAH ST 31,68.0,Model A,2018,95 years,600000.0,5.0,72.0
BUKIT MERAH,3 ROOM,91A,TELOK BLANGAH ST 31,68.0,Model A,2018,95 years,715000.0,29.0,72.0
BUKIT MERAH,3 ROOM,91A,TELOK BLANGAH ST 31,68.0,Model A,2018,95 years,705000.0,14.0,72.0
BUKIT MERAH,3 ROOM,92A,TELOK BLANGAH ST 31,68.0,Model A,2018,94 years 11 months,720000.0,29.0,72.0
BUKIT MERAH,4 ROOM,10A,BOON TIONG RD,92.0,Model A,2016,92 years 01 month,790000.0,2.0,72.0
BUKIT MERAH,4 ROOM,8B,BOON TIONG RD,100.0,Model A,2005,81 years 10 months,875000.0,14.0,72.0
BUKIT MERAH,4 ROOM,8A,BOON TIONG RD,100.0,Model A,2005,81 years 10 months,865888.0,8.0,72.0
BUKIT MERAH,4 ROOM,10B,BOON TIONG RD,87.0,Model A,2016,92 years,1025000.0,14.0,72.0
BUKIT MERAH,4 ROOM,18,CANTONMENT CL,75.0,Model A,2002,79 years,840000.0,23.0,72.0
BUKIT MERAH,4 ROOM,3,DELTA AVE,91.0,New Generation,1985,61 years 09 months,708500.0,8.0,72.0
BUKIT MERAH,4 ROOM,5,DELTA AVE,91.0,New Generation,1985,61 years 11 months,715000.0,2.0,72.0
BUKIT MERAH,4 ROOM,55,HAVELOCK RD,94.0,Model A,2013,89 years 05 months,985000.0,29.0,72.0
BUKIT MERAH,4 ROOM,54,HAVELOCK RD,89.0,Model A,2013,89 years 05 months,975000.0,29.0,72.0
BUKIT MERAH,4 ROOM,53,HAVELOCK RD,95.0,Model A,2013,89 years 05 months,950000.0,26.0,72.0
BUKIT MERAH,4 ROOM,118D,JLN MEMBINA,90.0,Model A,2003,79 years 02 months,810000.0,17.0,72.0
BUKIT MERAH,4 ROOM,26B,JLN MEMBINA,85.0,Model A,2009,85 years 01 month,830000.0,11.0,72.0
BUKIT MERAH,4 ROOM,25B,JLN MEMBINA,90.0,Model A,2009,85 years,783000.0,5.0,72.0
BUKIT MERAH,4 ROOM,120,KIM TIAN PL,100.0,Model A,2001,77 years 02 months,869000.0,11.0,72.0
BUKIT MERAH,4 ROOM,119B,KIM TIAN RD,92.0,Model A,2002,79 years,765000.0,11.0,72.0
BUKIT MERAH,4 ROOM,127A,KIM TIAN RD,93.0,Model A,2013,89 years 02 months,935000.0,35.0,72.0
BUKIT MERAH,4 ROOM,131B,KIM TIAN RD,91.0,Model A,2002,78 years 01 month,708000.0,8.0,72.0
BUKIT MERAH,4 ROOM,119C,KIM TIAN RD,92.0,Model A,2003,79 years 06 months,811088.0,8.0,72.0
BUKIT MERAH,4 ROOM,129,KIM TIAN RD,88.0,Improved,1976,52 years,535000.0,8.0,72.0
BUKIT MERAH,4 ROOM,126C,KIM TIAN RD,93.0,Model A,2013,89 years 02 months,910000.0,29.0,72.0
BUKIT MERAH,4 ROOM,63B,LENGKOK BAHRU,101.0,Model A,2001,77 years 11 months,835000.0,17.0,72.0
BUKIT MERAH,4 ROOM,63B,LENGKOK BAHRU,101.0,Model A,2001,77 years 11 months,843000.0,17.0,72.0
BUKIT MERAH,4 ROOM,75A,REDHILL RD,100.0,Model A,2005,82 years,920000.0,29.0,72.0
BUKIT MERAH,4 ROOM,74A,REDHILL RD,100.0,Model A,2005,81 years 11 months,760000.0,8.0,72.0
BUKIT MERAH,4 ROOM,77A,REDHILL RD,90.0,Model A,2005,81 years 11 months,815000.0,8.0,72.0
BUKIT MERAH,4 ROOM,17,TELOK BLANGAH CRES,100.0,Model A,2002,78 years 01 month,620000.0,8.0,72.0
BUKIT MERAH,4 ROOM,70A,TELOK BLANGAH HTS,93.0,Model A,2017,93 years 06 months,855000.0,11.0,72.0
BUKIT MERAH,4 ROOM,61,TELOK BLANGAH HTS,81.0,New Generation,1976,52 years 09 months,415000.0,2.0,72.0
BUKIT MERAH,4 ROOM,70C,TELOK BLANGAH HTS,93.0,Model A,2017,93 years 05 months,813888.0,14.0,72.0
BUKIT MERAH,4 ROOM,70C,TELOK BLANGAH HTS,93.0,Model A,2017,93 years 05 months,860000.0,8.0,72.0
BUKIT MERAH,4 ROOM,88,TELOK BLANGAH HTS,90.0,Model A,2003,79 years 02 months,710000.0,20.0,72.0
BUKIT MERAH,4 ROOM,40,TELOK BLANGAH RISE,82.0,Improved,1976,52 years 05 months,456000.0,14.0,72.0
BUKIT MERAH,4 ROOM,93A,TELOK BLANGAH ST 31,93.0,Model A,2018,95 years,890000.0,8.0,72.0
BUKIT MERAH,4 ROOM,93A,TELOK BLANGAH ST 31,93.0,Model A,2018,95 years 01 month,864000.0,8.0,72.0
BUKIT MERAH,4 ROOM,93B,TELOK BLANGAH ST 31,93.0,Model A,2018,95 years,968000.0,26.0,72.0
BUKIT MERAH,4 ROOM,92B,TELOK BLANGAH ST 31,93.0,Model A,2018,95 years,888888.0,17.0,72.0
BUKIT MERAH,4 ROOM,93B,TELOK BLANGAH ST 31,93.0,Model A,2018,95 years,928000.0,17.0,72.0
BUKIT MERAH,4 ROOM,90A,TELOK BLANGAH ST 31,93.0,Model A,2018,95 years,848000.0,11.0,72.0
BUKIT MERAH,4 ROOM,90A,TELOK BLANGAH ST 31,93.0,Model A,2018,95 years,800000.0,2.0,72.0
BUKIT MERAH,4 ROOM,93B,TELOK BLANGAH ST 31,93.0,Model A,2018,95 years,840000.0,17.0,72.0
BUKIT MERAH,4 ROOM,93B,TELOK BLANGAH ST 31,93.0,Model A,2018,95 years,920000.0,29.0,72.0
BUKIT MERAH,4 ROOM,90B,TELOK BLANGAH ST 31,93.0,Model A,2018,95 years,868000.0,11.0,72.0
BUKIT MERAH,4 ROOM,90A,TELOK BLANGAH ST 31,93.0,Model A,2018,94 years 11 months,950000.0,23.0,72.0
BUKIT MERAH,5 ROOM,2C,BOON TIONG RD,115.0,Improved,2001,77 years 01 month,990000.0,8.0,72.0
BUKIT MERAH,5 ROOM,16,CANTONMENT CL,110.0,Improved,2003,79 years,960000.0,14.0,72.0
BUKIT MERAH,5 ROOM,112B,DEPOT RD,115.0,Improved,2006,82 years 02 months,790000.0,17.0,72.0
BUKIT MERAH,5 ROOM,50,HOY FATT RD,122.0,Improved,1987,63 years 01 month,630000.0,2.0,72.0
BUKIT MERAH,5 ROOM,118B,JLN MEMBINA,110.0,Improved,2003,79 years,960000.0,20.0,72.0
BUKIT MERAH,5 ROOM,121A,KIM TIAN PL,115.0,Improved,2001,77 years 01 month,1008888.0,17.0,72.0
BUKIT MERAH,5 ROOM,131B,KIM TIAN RD,110.0,Improved,2002,78 years 01 month,800100.0,8.0,72.0
BUKIT MERAH,5 ROOM,83,REDHILL LANE,123.0,Improved,1996,73 years,992888.0,17.0,72.0
BUKIT MERAH,5 ROOM,81,REDHILL LANE,136.0,Model A,1996,72 years 11 months,878000.0,5.0,72.0
BUKIT MERAH,5 ROOM,82,REDHILL LANE,131.0,Improved,1996,72 years 10 months,918000.0,5.0,72.0
BUKIT MERAH,5 ROOM,49,TELOK BLANGAH DR,123.0,Standard,1976,52 years 11 months,840000.0,20.0,72.0
BUKIT MERAH,5 ROOM,66,TELOK BLANGAH DR,118.0,Standard,1978,54 years 07 months,728000.0,14.0,72.0
BUKIT MERAH,5 ROOM,88,TELOK BLANGAH HTS,110.0,Improved,2003,79 years 04 months,911000.0,11.0,72.0
BUKIT MERAH,5 ROOM,74,TELOK BLANGAH HTS,117.0,Standard,1978,54 years,785000.0,14.0,72.0
BUKIT MERAH,5 ROOM,39,TELOK BLANGAH RISE,117.0,Standard,1976,52 years 08 months,650000.0,5.0,72.0
BUKIT MERAH,5 ROOM,87,ZION RD,117.0,Improved,1974,50 years 06 months,888000.0,5.0,72.0
BUKIT MERAH,3 ROOM,40,BEO CRES,59.0,Standard,1971,47 years,365000.0,8.0,73.0
BUKIT MERAH,3 ROOM,36,BEO CRES,59.0,Standard,1971,47 years 06 months,317000.0,8.0,73.0
BUKIT MERAH,3 ROOM,10B,BOON TIONG RD,62.0,Model A,2016,91 years 11 months,700000.0,14.0,73.0
BUKIT MERAH,3 ROOM,57,HAVELOCK RD,69.0,Model A,2013,89 years 04 months,610000.0,14.0,73.0
BUKIT MERAH,3 ROOM,52,HAVELOCK RD,69.0,Model A,2013,89 years 04 months,710000.0,26.0,73.0
BUKIT MERAH,3 ROOM,105,HENDERSON CRES,65.0,Improved,1975,51 years,322000.0,2.0,73.0
BUKIT MERAH,3 ROOM,28,HOY FATT RD,60.0,Standard,1967,43 years 05 months,328000.0,14.0,73.0
BUKIT MERAH,3 ROOM,26A,JLN MEMBINA,60.0,Model A,2008,84 years 10 months,672000.0,26.0,73.0
BUKIT MERAH,3 ROOM,23,LIM LIAK ST,88.0,Standard,1973,49 years,720000.0,2.0,73.0
BUKIT MERAH,3 ROOM,15,TELOK BLANGAH CRES,65.0,Improved,1975,51 years 03 months,305000.0,8.0,73.0
BUKIT MERAH,3 ROOM,13,TELOK BLANGAH CRES,65.0,Improved,1975,51 years 11 months,365888.0,8.0,73.0
BUKIT MERAH,3 ROOM,16,TELOK BLANGAH CRES,65.0,Improved,1975,51 years 03 months,390000.0,14.0,73.0
BUKIT MERAH,3 ROOM,44,TELOK BLANGAH DR,65.0,Improved,1976,52 years 01 month,333000.0,2.0,73.0
BUKIT MERAH,3 ROOM,75,TELOK BLANGAH DR,67.0,New Generation,1978,54 years,380000.0,5.0,73.0
BUKIT MERAH,3 ROOM,61,TELOK BLANGAH HTS,67.0,New Generation,1976,52 years 08 months,370000.0,5.0,73.0
BUKIT MERAH,3 ROOM,93A,TELOK BLANGAH ST 31,68.0,Model A,2018,94 years 11 months,738888.0,26.0,73.0
BUKIT MERAH,3 ROOM,91A,TELOK BLANGAH ST 31,68.0,Model A,2018,94 years 10 months,704000.0,26.0,73.0
BUKIT MERAH,3 ROOM,80B,TELOK BLANGAH ST 31,67.0,Premium Apartment,2013,89 years 06 months,638000.0,5.0,73.0
BUKIT MERAH,4 ROOM,6A,BOON TIONG RD,100.0,Model A,2005,81 years 08 months,916000.0,11.0,73.0
BUKIT MERAH,4 ROOM,114,BT PURMEI RD,103.0,Model A,1985,61 years 01 month,635000.0,8.0,73.0
BUKIT MERAH,4 ROOM,13,CANTONMENT CL,75.0,Model A,2003,79 years,738000.0,5.0,73.0
BUKIT MERAH,4 ROOM,3,DELTA AVE,91.0,New Generation,1985,61 years 08 months,670000.0,5.0,73.0
BUKIT MERAH,4 ROOM,112B,DEPOT RD,100.0,Model A,2006,82 years 01 month,662000.0,20.0,73.0
BUKIT MERAH,4 ROOM,103,HENDERSON CRES,74.0,Standard,1970,46 years 06 months,458000.0,5.0,73.0
BUKIT MERAH,4 ROOM,106,HENDERSON CRES,81.0,Improved,1975,51 years,485000.0,5.0,73.0
BUKIT MERAH,4 ROOM,49,HOY FATT RD,84.0,Simplified,1986,62 years 06 months,511000.0,2.0,73.0
BUKIT MERAH,4 ROOM,119D,KIM TIAN RD,92.0,Model A,2002,78 years 08 months,785000.0,8.0,73.0
BUKIT MERAH,4 ROOM,76A,REDHILL RD,100.0,Model A,2005,81 years 11 months,881000.0,14.0,73.0
BUKIT MERAH,4 ROOM,75C,REDHILL RD,100.0,Model A,2007,82 years 11 months,900000.0,17.0,73.0
BUKIT MERAH,4 ROOM,77A,REDHILL RD,100.0,Model A,2005,81 years 09 months,775000.0,5.0,73.0
BUKIT MERAH,4 ROOM,75C,REDHILL RD,100.0,Model A,2007,82 years 11 months,825000.0,11.0,73.0
BUKIT MERAH,4 ROOM,64,TELOK BLANGAH DR,92.0,New Generation,1978,54 years 05 months,500000.0,2.0,73.0
BUKIT MERAH,4 ROOM,64,TELOK BLANGAH DR,92.0,New Generation,1978,54 years 05 months,560000.0,8.0,73.0
BUKIT MERAH,4 ROOM,86,TELOK BLANGAH HTS,90.0,Model A,2003,79 years 03 months,680000.0,8.0,73.0
BUKIT MERAH,4 ROOM,86,TELOK BLANGAH HTS,90.0,Model A,2003,79 years 03 months,715000.0,17.0,73.0
BUKIT MERAH,4 ROOM,90B,TELOK BLANGAH ST 31,93.0,Model A,2018,94 years 11 months,850000.0,5.0,73.0
BUKIT MERAH,4 ROOM,80A,TELOK BLANGAH ST 31,95.0,Premium Apartment,2013,89 years 07 months,865000.0,14.0,73.0
BUKIT MERAH,4 ROOM,90B,TELOK BLANGAH ST 31,93.0,Model A,2018,94 years 11 months,935000.0,8.0,73.0
BUKIT MERAH,4 ROOM,91A,TELOK BLANGAH ST 31,93.0,Model A,2018,94 years 11 months,925000.0,23.0,73.0
BUKIT MERAH,4 ROOM,93B,TELOK BLANGAH ST 31,93.0,Model A,2018,94 years 10 months,913000.0,20.0,73.0
BUKIT MERAH,5 ROOM,9B,BOON TIONG RD,112.0,Improved,2016,91 years 11 months,1290000.0,26.0,73.0
BUKIT MERAH,5 ROOM,114,DEPOT RD,117.0,Standard,1976,52 years 09 months,680000.0,5.0,73.0
BUKIT MERAH,5 ROOM,74A,REDHILL RD,115.0,Improved,2005,81 years 10 months,1003800.0,23.0,73.0
BUKIT MERAH,5 ROOM,14,TELOK BLANGAH CRES,121.0,Improved,1999,75 years 09 months,808000.0,5.0,73.0
BUKIT MERAH,5 ROOM,49,TELOK BLANGAH DR,125.0,Standard,1976,52 years 10 months,808000.0,17.0,73.0
BUKIT MERAH,5 ROOM,52,TELOK BLANGAH DR,118.0,Standard,1978,53 years 11 months,900000.0,20.0,73.0
BUKIT MERAH,5 ROOM,88,TELOK BLANGAH HTS,110.0,Improved,2003,79 years 01 month,925000.0,17.0,73.0
BUKIT MERAH,1 ROOM,7,TELOK BLANGAH CRES,31.0,Improved,1975,51 years 01 month,237000.0,2.0,74.0
BUKIT MERAH,2 ROOM,48,LOWER DELTA RD,43.0,Standard,1970,46 years,265000.0,11.0,74.0
BUKIT MERAH,3 ROOM,161,BT MERAH CTRL,68.0,New Generation,1980,56 years 05 months,393000.0,5.0,74.0
BUKIT MERAH,3 ROOM,129,BT MERAH VIEW,76.0,Improved,1973,49 years 05 months,428000.0,5.0,74.0
BUKIT MERAH,3 ROOM,108,BT PURMEI RD,75.0,Model A,1984,60 years 04 months,475000.0,11.0,74.0
BUKIT MERAH,3 ROOM,110A,DEPOT RD,67.0,Model A,2017,93 years 08 months,618000.0,11.0,74.0
BUKIT MERAH,3 ROOM,7,EVERTON PK,86.0,New Generation,1980,56 years 08 months,565000.0,2.0,74.0
BUKIT MERAH,3 ROOM,57,HAVELOCK RD,69.0,Model A,2013,89 years 02 months,700000.0,20.0,74.0
BUKIT MERAH,3 ROOM,95B,HENDERSON RD,68.0,Model A,2019,95 years 03 months,658000.0,5.0,74.0
BUKIT MERAH,3 ROOM,95B,HENDERSON RD,68.0,Model A,2019,95 years 03 months,748000.0,32.0,74.0
BUKIT MERAH,3 ROOM,26D,JLN MEMBINA,60.0,Model A,2009,84 years 11 months,625000.0,20.0,74.0
BUKIT MERAH,3 ROOM,26C,JLN MEMBINA,60.0,Model A,2009,84 years 11 months,640000.0,17.0,74.0
BUKIT MERAH,3 ROOM,21,LIM LIAK ST,88.0,Standard,1973,48 years 10 months,648000.0,2.0,74.0
BUKIT MERAH,3 ROOM,16,TAMAN HO SWEE,54.0,Standard,1970,45 years 11 months,325000.0,5.0,74.0
BUKIT MERAH,3 ROOM,5,TELOK BLANGAH CRES,66.0,Improved,1983,59 years 03 months,390000.0,11.0,74.0
BUKIT MERAH,3 ROOM,16,TELOK BLANGAH CRES,65.0,Improved,1975,51 years 01 month,300000.0,2.0,74.0
BUKIT MERAH,3 ROOM,65,TELOK BLANGAH DR,67.0,New Generation,1978,54 years 05 months,395000.0,5.0,74.0
BUKIT MERAH,3 ROOM,77,TELOK BLANGAH DR,67.0,New Generation,1978,53 years 10 months,388000.0,11.0,74.0
BUKIT MERAH,3 ROOM,44,TELOK BLANGAH DR,65.0,Improved,1976,51 years 10 months,370000.0,8.0,74.0
BUKIT MERAH,3 ROOM,61,TELOK BLANGAH HTS,67.0,New Generation,1976,52 years 06 months,396000.0,5.0,74.0
BUKIT MERAH,3 ROOM,31,TELOK BLANGAH RISE,70.0,Improved,1976,52 years 02 months,395000.0,5.0,74.0
BUKIT MERAH,3 ROOM,93B,TELOK BLANGAH ST 31,68.0,Model A,2018,94 years 10 months,680000.0,23.0,74.0
BUKIT MERAH,3 ROOM,93A,TELOK BLANGAH ST 31,68.0,Model A,2018,94 years 09 months,725000.0,17.0,74.0
BUKIT MERAH,3 ROOM,80B,TELOK BLANGAH ST 31,67.0,Premium Apartment,2013,89 years 05 months,668000.0,5.0,74.0
BUKIT MERAH,3 ROOM,24,TIONG BAHRU RD,88.0,Standard,1973,49 years,680000.0,2.0,74.0
BUKIT MERAH,4 ROOM,10B,BOON TIONG RD,87.0,Model A,2016,91 years 10 months,1000000.0,14.0,74.0
BUKIT MERAH,4 ROOM,120,BT MERAH VIEW,88.0,Improved,1973,48 years 10 months,505000.0,8.0,74.0
BUKIT MERAH,4 ROOM,102,BT PURMEI RD,108.0,Model A,1984,60 years 03 months,620000.0,2.0,74.0
BUKIT MERAH,4 ROOM,115,BT PURMEI RD,103.0,Model A,1985,61 years,550000.0,8.0,74.0
BUKIT MERAH,4 ROOM,11,CANTONMENT CL,90.0,Model A,2002,78 years 10 months,858888.0,8.0,74.0
BUKIT MERAH,4 ROOM,9,CANTONMENT CL,90.0,Model A,2002,78 years 10 months,850000.0,26.0,74.0
BUKIT MERAH,4 ROOM,9,CANTONMENT CL,90.0,Model A,2002,78 years 10 months,888000.0,20.0,74.0
BUKIT MERAH,4 ROOM,112B,DEPOT RD,90.0,Model A,2006,82 years,600000.0,2.0,74.0
BUKIT MERAH,4 ROOM,110A,DEPOT RD,92.0,Model A,2017,93 years 08 months,780088.0,26.0,74.0
BUKIT MERAH,4 ROOM,56,HAVELOCK RD,94.0,Model A,2013,89 years 03 months,1010000.0,35.0,74.0
BUKIT MERAH,4 ROOM,95C,HENDERSON RD,93.0,Model A,2019,95 years 03 months,1040000.0,32.0,74.0
BUKIT MERAH,4 ROOM,25B,JLN MEMBINA,90.0,Model A,2009,84 years 11 months,838000.0,5.0,74.0
BUKIT MERAH,4 ROOM,118C,JLN MEMBINA,85.0,Model A,2003,78 years 11 months,780000.0,20.0,74.0
BUKIT MERAH,4 ROOM,26C,JLN MEMBINA,90.0,Model A,2009,84 years 11 months,815000.0,8.0,74.0
BUKIT MERAH,4 ROOM,118B,JLN MEMBINA,91.0,Model A,2003,78 years 10 months,780000.0,5.0,74.0
BUKIT MERAH,4 ROOM,26D,JLN MEMBINA,90.0,Model A,2009,84 years 10 months,796000.0,5.0,74.0
BUKIT MERAH,4 ROOM,129,KIM TIAN RD,88.0,Improved,1976,51 years 10 months,535000.0,14.0,74.0
BUKIT MERAH,4 ROOM,119C,KIM TIAN RD,92.0,Model A,2003,79 years 04 months,650000.0,2.0,74.0
BUKIT MERAH,4 ROOM,75B,REDHILL RD,100.0,Model A,2005,81 years 09 months,868000.0,11.0,74.0
BUKIT MERAH,4 ROOM,74A,REDHILL RD,100.0,Model A,2005,81 years 08 months,800000.0,14.0,74.0
BUKIT MERAH,4 ROOM,24,TELOK BLANGAH CRES,82.0,Improved,1975,51 years 03 months,425000.0,2.0,74.0
BUKIT MERAH,4 ROOM,24,TELOK BLANGAH CRES,82.0,Improved,1975,51 years 02 months,520000.0,14.0,74.0
BUKIT MERAH,4 ROOM,70B,TELOK BLANGAH HTS,93.0,Model A,2017,93 years 03 months,802888.0,2.0,74.0
BUKIT MERAH,4 ROOM,70C,TELOK BLANGAH HTS,93.0,Model A,2017,93 years 03 months,776088.0,8.0,74.0
BUKIT MERAH,4 ROOM,58,TELOK BLANGAH HTS,91.0,New Generation,1976,52 years 07 months,552888.0,5.0,74.0
BUKIT MERAH,4 ROOM,57,TELOK BLANGAH HTS,91.0,New Generation,1976,52 years 06 months,538000.0,5.0,74.0
BUKIT MERAH,4 ROOM,90A,TELOK BLANGAH ST 31,93.0,Model A,2018,94 years 10 months,903000.0,5.0,74.0
BUKIT MERAH,4 ROOM,90A,TELOK BLANGAH ST 31,93.0,Model A,2018,94 years 10 months,940000.0,26.0,74.0
BUKIT MERAH,4 ROOM,90A,TELOK BLANGAH ST 31,93.0,Model A,2018,94 years 10 months,938000.0,23.0,74.0
BUKIT MERAH,4 ROOM,93B,TELOK BLANGAH ST 31,93.0,Model A,2018,94 years 09 months,910888.0,20.0,74.0
BUKIT MERAH,4 ROOM,93B,TELOK BLANGAH ST 31,93.0,Model A,2018,94 years 09 months,800000.0,8.0,74.0
BUKIT MERAH,4 ROOM,90A,TELOK BLANGAH ST 31,93.0,Model A,2018,94 years 09 months,935000.0,20.0,74.0
BUKIT MERAH,4 ROOM,92B,TELOK BLANGAH ST 31,93.0,Model A,2018,94 years 09 months,898000.0,14.0,74.0
BUKIT MERAH,4 ROOM,92B,TELOK BLANGAH ST 31,93.0,Model A,2018,94 years 10 months,763000.0,2.0,74.0
BUKIT MERAH,4 ROOM,90A,TELOK BLANGAH ST 31,93.0,Model A,2018,94 years 09 months,808000.0,2.0,74.0
BUKIT MERAH,4 ROOM,91A,TELOK BLANGAH ST 31,93.0,Model A,2018,94 years 09 months,918000.0,20.0,74.0
BUKIT MERAH,5 ROOM,117,BT MERAH CTRL,117.0,Improved,1977,53 years 09 months,670000.0,8.0,74.0
BUKIT MERAH,5 ROOM,19,CANTONMENT CL,110.0,Improved,2002,78 years 10 months,990000.0,14.0,74.0
BUKIT MERAH,5 ROOM,19,CANTONMENT CL,110.0,Improved,2002,78 years 09 months,1030000.0,11.0,74.0
BUKIT MERAH,5 ROOM,118B,JLN MEMBINA,110.0,Improved,2003,78 years 11 months,853000.0,2.0,74.0
BUKIT MERAH,5 ROOM,118B,JLN MEMBINA,110.0,Improved,2003,78 years 10 months,920000.0,8.0,74.0
BUKIT MERAH,5 ROOM,120,KIM TIAN PL,115.0,Improved,2001,76 years 11 months,1010000.0,17.0,74.0
BUKIT MERAH,5 ROOM,73A,REDHILL RD,115.0,Improved,2005,81 years 09 months,958000.0,5.0,74.0
BUKIT MERAH,5 ROOM,106,SPOTTISWOODE PK RD,122.0,Standard,1979,55 years 07 months,835000.0,11.0,74.0
BUKIT MERAH,5 ROOM,104,SPOTTISWOODE PK RD,122.0,Standard,1979,55 years 08 months,895000.0,20.0,74.0
BUKIT MERAH,5 ROOM,14,TELOK BLANGAH CRES,121.0,Improved,1999,75 years 07 months,780000.0,11.0,74.0
BUKIT MERAH,5 ROOM,37,TELOK BLANGAH RISE,117.0,Standard,1976,52 years 07 months,735000.0,17.0,74.0
BUKIT MERAH,1 ROOM,7,TELOK BLANGAH CRES,31.0,Improved,1975,51 years,240000.0,5.0,75.0
BUKIT MERAH,3 ROOM,36,BEO CRES,59.0,Standard,1971,47 years 03 months,358000.0,8.0,75.0
BUKIT MERAH,3 ROOM,10A,BOON TIONG RD,62.0,Model A,2016,91 years 10 months,730000.0,20.0,75.0
BUKIT MERAH,3 ROOM,10B,BOON TIONG RD,62.0,Model A,2016,91 years 09 months,660000.0,8.0,75.0
BUKIT MERAH,3 ROOM,105A,DEPOT RD,67.0,Model A,2017,93 years 08 months,650000.0,20.0,75.0
BUKIT MERAH,3 ROOM,110A,DEPOT RD,67.0,Model A,2017,93 years 07 months,598000.0,14.0,75.0
BUKIT MERAH,3 ROOM,4,EVERTON PK,72.0,New Generation,1980,56 years 08 months,510000.0,8.0,75.0
BUKIT MERAH,3 ROOM,6,EVERTON PK,72.0,New Generation,1980,56 years 07 months,501000.0,5.0,75.0
BUKIT MERAH,3 ROOM,22,HAVELOCK RD,64.0,Standard,1969,45 years 04 months,348000.0,8.0,75.0
BUKIT MERAH,3 ROOM,54,HAVELOCK RD,69.0,Model A,2013,89 years 01 month,678888.0,11.0,75.0
BUKIT MERAH,3 ROOM,95A,HENDERSON RD,68.0,Model A,2019,95 years 02 months,700000.0,20.0,75.0
BUKIT MERAH,3 ROOM,28,HOY FATT RD,60.0,Standard,1967,43 years 02 months,285000.0,2.0,75.0
BUKIT MERAH,3 ROOM,26D,JLN MEMBINA,60.0,Model A,2009,84 years 09 months,630000.0,14.0,75.0
BUKIT MERAH,3 ROOM,126C,KIM TIAN RD,62.0,Model A,2013,88 years 11 months,690000.0,29.0,75.0
BUKIT MERAH,3 ROOM,86,REDHILL CL,59.0,Improved,1973,48 years 10 months,350000.0,14.0,75.0
BUKIT MERAH,3 ROOM,86,REDHILL CL,59.0,Improved,1973,48 years 10 months,370888.0,5.0,75.0
BUKIT MERAH,3 ROOM,21,TELOK BLANGAH CRES,65.0,Improved,1975,51 years 01 month,368888.0,14.0,75.0
BUKIT MERAH,3 ROOM,1,TELOK BLANGAH CRES,66.0,Improved,1983,59 years,360000.0,2.0,75.0
BUKIT MERAH,3 ROOM,1,TELOK BLANGAH CRES,66.0,Improved,1983,59 years,390000.0,11.0,75.0
BUKIT MERAH,3 ROOM,10,TELOK BLANGAH CRES,59.0,Improved,1975,51 years,308000.0,2.0,75.0
BUKIT MERAH,3 ROOM,77,TELOK BLANGAH DR,67.0,New Generation,1978,53 years 10 months,375000.0,5.0,75.0
BUKIT MERAH,3 ROOM,54,TELOK BLANGAH DR,88.0,New Generation,1978,53 years 09 months,535000.0,5.0,75.0
BUKIT MERAH,3 ROOM,92B,TELOK BLANGAH ST 31,68.0,Model A,2018,94 years 08 months,680000.0,23.0,75.0
BUKIT MERAH,4 ROOM,4B,BOON TIONG RD,100.0,Model A,2005,81 years 07 months,975000.0,14.0,75.0
BUKIT MERAH,4 ROOM,9A,BOON TIONG RD,92.0,Model A,2016,91 years 09 months,1000000.0,14.0,75.0
BUKIT MERAH,4 ROOM,101,BT PURMEI RD,93.0,New Generation,1983,59 years 05 months,545000.0,5.0,75.0
BUKIT MERAH,4 ROOM,11,CANTONMENT CL,90.0,Model A,2002,78 years 08 months,850000.0,8.0,75.0
BUKIT MERAH,4 ROOM,11,CANTONMENT CL,90.0,Model A,2002,78 years 08 months,780000.0,2.0,75.0
BUKIT MERAH,4 ROOM,13,CANTONMENT CL,75.0,Model A,2003,78 years 09 months,815000.0,23.0,75.0
BUKIT MERAH,4 ROOM,4,DELTA AVE,91.0,New Generation,1985,61 years 06 months,703000.0,11.0,75.0
BUKIT MERAH,4 ROOM,103A,DEPOT RD,100.0,Model A,2002,78 years 02 months,700000.0,17.0,75.0
BUKIT MERAH,4 ROOM,53,HAVELOCK RD,94.0,Model A,2013,89 years 01 month,985000.0,38.0,75.0
BUKIT MERAH,4 ROOM,101,HENDERSON CRES,74.0,Standard,1970,46 years 04 months,450000.0,5.0,75.0
BUKIT MERAH,4 ROOM,103,HENDERSON CRES,74.0,Standard,1970,46 years 03 months,480000.0,2.0,75.0
BUKIT MERAH,4 ROOM,95A,HENDERSON RD,83.0,Model A,2019,95 years 01 month,950000.0,14.0,75.0
BUKIT MERAH,4 ROOM,118B,JLN MEMBINA,91.0,Model A,2003,78 years 10 months,910000.0,23.0,75.0
BUKIT MERAH,4 ROOM,26B,JLN MEMBINA,85.0,Model A,2009,84 years 10 months,889000.0,29.0,75.0
BUKIT MERAH,4 ROOM,27A,JLN MEMBINA,85.0,Model A,2008,84 years 08 months,768000.0,11.0,75.0
BUKIT MERAH,4 ROOM,25B,JLN MEMBINA,90.0,Model A,2009,84 years 09 months,815000.0,5.0,75.0
BUKIT MERAH,4 ROOM,127D,KIM TIAN RD,93.0,Model A,2013,88 years 11 months,930000.0,29.0,75.0
BUKIT MERAH,4 ROOM,52,LENGKOK BAHRU,84.0,Simplified,1986,62 years 09 months,638888.88,11.0,75.0
BUKIT MERAH,4 ROOM,51,LENGKOK BAHRU,103.0,Model A,1986,62 years 06 months,665000.0,5.0,75.0
BUKIT MERAH,4 ROOM,63B,LENGKOK BAHRU,90.0,Model A,2001,77 years 07 months,770000.0,5.0,75.0
BUKIT MERAH,4 ROOM,69,REDHILL CL,100.0,Model A,2001,76 years 11 months,820000.0,23.0,75.0
BUKIT MERAH,4 ROOM,77A,REDHILL RD,90.0,Model A,2005,81 years 07 months,780000.0,5.0,75.0
BUKIT MERAH,4 ROOM,17,TELOK BLANGAH CRES,99.0,Model A,2002,77 years 10 months,722000.0,23.0,75.0
BUKIT MERAH,4 ROOM,17A,TELOK BLANGAH CRES,99.0,Model A,2002,77 years 09 months,755000.0,26.0,75.0
BUKIT MERAH,4 ROOM,62,TELOK BLANGAH HTS,98.0,New Generation,1976,52 years 06 months,584000.0,11.0,75.0
BUKIT MERAH,4 ROOM,57,TELOK BLANGAH HTS,91.0,New Generation,1976,52 years 05 months,570000.0,8.0,75.0
BUKIT MERAH,4 ROOM,70B,TELOK BLANGAH HTS,93.0,Model A,2017,93 years 01 month,880000.0,17.0,75.0
BUKIT MERAH,4 ROOM,93B,TELOK BLANGAH ST 31,93.0,Model A,2018,94 years 09 months,895000.0,17.0,75.0
BUKIT MERAH,4 ROOM,92B,TELOK BLANGAH ST 31,93.0,Model A,2018,94 years 10 months,880000.0,14.0,75.0
BUKIT MERAH,4 ROOM,92B,TELOK BLANGAH ST 31,93.0,Model A,2018,94 years 10 months,918000.0,26.0,75.0
BUKIT MERAH,4 ROOM,93A,TELOK BLANGAH ST 31,93.0,Model A,2018,94 years 09 months,890000.0,17.0,75.0
BUKIT MERAH,4 ROOM,91A,TELOK BLANGAH ST 31,93.0,Model A,2018,94 years 09 months,830000.0,26.0,75.0
BUKIT MERAH,4 ROOM,91A,TELOK BLANGAH ST 31,93.0,Model A,2018,94 years 09 months,920000.0,17.0,75.0
BUKIT MERAH,4 ROOM,93B,TELOK BLANGAH ST 31,93.0,Model A,2018,94 years 08 months,843500.0,8.0,75.0
BUKIT MERAH,4 ROOM,93B,TELOK BLANGAH ST 31,93.0,Model A,2018,94 years 08 months,923000.0,14.0,75.0
BUKIT MERAH,4 ROOM,27,TELOK BLANGAH WAY,82.0,Improved,1976,52 years 01 month,487000.0,14.0,75.0
BUKIT MERAH,4 ROOM,34,TELOK BLANGAH WAY,82.0,Improved,1976,52 years 01 month,520000.0,11.0,75.0
BUKIT MERAH,5 ROOM,4B,BOON TIONG RD,115.0,Improved,2005,81 years 07 months,1038000.0,11.0,75.0
BUKIT MERAH,5 ROOM,111A,DEPOT RD,116.0,Improved,2006,81 years 11 months,830000.0,5.0,75.0
BUKIT MERAH,5 ROOM,118C,JLN MEMBINA,110.0,Improved,2003,78 years 10 months,840000.0,2.0,75.0
BUKIT MERAH,5 ROOM,122,KIM TIAN RD,126.0,Improved,1995,71 years 05 months,1178888.0,2.0,75.0
BUKIT MERAH,5 ROOM,119D,KIM TIAN RD,110.0,Improved,2002,78 years 06 months,940000.0,23.0,75.0
BUKIT MERAH,5 ROOM,131B,KIM TIAN RD,110.0,Improved,2002,77 years 09 months,965000.0,26.0,75.0
BUKIT MERAH,5 ROOM,131B,KIM TIAN RD,110.0,Improved,2002,77 years 09 months,930000.0,29.0,75.0
BUKIT MERAH,5 ROOM,63A,LENGKOK BAHRU,121.0,Improved,2001,77 years 08 months,922000.0,11.0,75.0
BUKIT MERAH,5 ROOM,51,LENGKOK BAHRU,122.0,Improved,1986,62 years 06 months,720000.0,8.0,75.0
BUKIT MERAH,5 ROOM,73A,REDHILL RD,115.0,Improved,2005,81 years 08 months,800000.0,2.0,75.0
BUKIT MERAH,5 ROOM,73A,REDHILL RD,115.0,Improved,2005,81 years 08 months,866888.0,2.0,75.0
BUKIT MERAH,5 ROOM,6,TELOK BLANGAH CRES,152.0,Adjoined flat,1975,50 years 09 months,870000.0,11.0,75.0
BUKIT MERAH,5 ROOM,86,TELOK BLANGAH HTS,110.0,Improved,2003,79 years 01 month,925000.0,23.0,75.0
BUKIT MERAH,1 ROOM,7,TELOK BLANGAH CRES,31.0,Improved,1975,50 years 11 months,251000.0,2.0,76.0
BUKIT MERAH,2 ROOM,50,HAVELOCK RD,43.0,Standard,1973,48 years 11 months,260000.0,5.0,76.0
BUKIT MERAH,2 ROOM,127A,KIM TIAN RD,47.0,Model A,2013,88 years 10 months,476000.0,11.0,76.0
BUKIT MERAH,3 ROOM,130,BT MERAH VIEW,76.0,Improved,1973,49 years 03 months,492000.0,20.0,76.0
BUKIT MERAH,3 ROOM,105A,DEPOT RD,67.0,Model A,2017,93 years 07 months,590000.0,17.0,76.0
BUKIT MERAH,3 ROOM,52,HAVELOCK RD,69.0,Model A,2013,89 years 01 month,670000.0,8.0,76.0
BUKIT MERAH,3 ROOM,22,HAVELOCK RD,64.0,Standard,1969,45 years 03 months,345000.0,14.0,76.0
BUKIT MERAH,3 ROOM,22,HAVELOCK RD,64.0,Standard,1969,45 years 03 months,380000.0,11.0,76.0
BUKIT MERAH,3 ROOM,96B,HENDERSON RD,68.0,Model A,2019,95 years 01 month,748888.0,23.0,76.0
BUKIT MERAH,3 ROOM,126C,KIM TIAN RD,62.0,Model A,2013,88 years 10 months,605000.0,5.0,76.0
BUKIT MERAH,3 ROOM,127C,KIM TIAN RD,62.0,Model A,2013,88 years 09 months,708888.0,26.0,76.0
BUKIT MERAH,3 ROOM,50,MOH GUAN TER,88.0,Standard,1973,48 years 08 months,765000.0,2.0,76.0
BUKIT MERAH,3 ROOM,5,TELOK BLANGAH CRES,66.0,Improved,1983,59 years,410888.0,11.0,76.0
BUKIT MERAH,3 ROOM,77,TELOK BLANGAH DR,67.0,New Generation,1978,53 years 09 months,353000.0,5.0,76.0
BUKIT MERAH,3 ROOM,44,TELOK BLANGAH DR,65.0,Improved,1976,51 years 09 months,297860.0,2.0,76.0
BUKIT MERAH,3 ROOM,44,TELOK BLANGAH DR,76.0,Improved,1976,51 years 08 months,460000.0,5.0,76.0
BUKIT MERAH,3 ROOM,47,TELOK BLANGAH DR,76.0,Improved,1976,51 years 09 months,450000.0,5.0,76.0
BUKIT MERAH,3 ROOM,70A,TELOK BLANGAH HTS,68.0,Model A,2017,93 years 01 month,595000.0,14.0,76.0
BUKIT MERAH,3 ROOM,93A,TELOK BLANGAH ST 31,68.0,Model A,2018,94 years 08 months,730000.0,20.0,76.0
BUKIT MERAH,4 ROOM,2A,BOON TIONG RD,100.0,Model A,2001,76 years 09 months,880000.0,8.0,76.0
BUKIT MERAH,4 ROOM,6B,BOON TIONG RD,91.0,Model A,2005,81 years 06 months,755000.0,2.0,76.0
BUKIT MERAH,4 ROOM,109,BT PURMEI RD,104.0,Model A,1984,60 years 04 months,650000.0,11.0,76.0
BUKIT MERAH,4 ROOM,17,CANTONMENT CL,90.0,Model A,2003,78 years 09 months,830000.0,2.0,76.0
BUKIT MERAH,4 ROOM,105A,DEPOT RD,92.0,Model A,2017,93 years 07 months,780000.0,11.0,76.0
BUKIT MERAH,4 ROOM,110A,DEPOT RD,92.0,Model A,2017,93 years 07 months,750000.0,2.0,76.0
BUKIT MERAH,4 ROOM,109A,DEPOT RD,90.0,Model A,2006,81 years 10 months,658000.0,8.0,76.0
BUKIT MERAH,4 ROOM,105A,DEPOT RD,92.0,Model A,2017,93 years 07 months,818000.0,11.0,76.0
BUKIT MERAH,4 ROOM,104,HENDERSON CRES,74.0,Standard,1970,46 years 04 months,467000.0,8.0,76.0
BUKIT MERAH,4 ROOM,27A,JLN MEMBINA,85.0,Model A,2008,84 years 07 months,903000.0,17.0,76.0
BUKIT MERAH,4 ROOM,127A,KIM TIAN RD,93.0,Model A,2013,88 years 10 months,930000.0,20.0,76.0
BUKIT MERAH,4 ROOM,131C,KIM TIAN RD,86.0,Model A,2002,77 years 09 months,680000.0,11.0,76.0
BUKIT MERAH,4 ROOM,73A,REDHILL RD,100.0,Model A,2005,81 years 07 months,955000.0,29.0,76.0
BUKIT MERAH,4 ROOM,77A,REDHILL RD,100.0,Model A,2005,81 years 06 months,930000.0,23.0,76.0
BUKIT MERAH,4 ROOM,17A,TELOK BLANGAH CRES,99.0,Model A,2002,77 years 09 months,580000.0,2.0,76.0
BUKIT MERAH,4 ROOM,86,TELOK BLANGAH HTS,90.0,Model A,2003,79 years,702888.0,11.0,76.0
BUKIT MERAH,4 ROOM,91A,TELOK BLANGAH ST 31,93.0,Model A,2018,94 years 08 months,860000.0,20.0,76.0
BUKIT MERAH,4 ROOM,93B,TELOK BLANGAH ST 31,93.0,Model A,2018,94 years 08 months,875000.0,14.0,76.0
BUKIT MERAH,4 ROOM,92B,TELOK BLANGAH ST 31,93.0,Model A,2018,94 years 08 months,808000.0,8.0,76.0
BUKIT MERAH,4 ROOM,90B,TELOK BLANGAH ST 31,93.0,Model A,2018,94 years 08 months,907000.0,17.0,76.0
BUKIT MERAH,4 ROOM,90B,TELOK BLANGAH ST 31,93.0,Model A,2018,94 years 07 months,930000.0,17.0,76.0
BUKIT MERAH,4 ROOM,90A,TELOK BLANGAH ST 31,93.0,Model A,2018,94 years 07 months,945000.0,29.0,76.0
BUKIT MERAH,4 ROOM,27,TELOK BLANGAH WAY,82.0,Improved,1976,52 years,455000.0,5.0,76.0
BUKIT MERAH,5 ROOM,9B,BOON TIONG RD,112.0,Improved,2016,91 years 09 months,1278000.0,8.0,76.0
BUKIT MERAH,5 ROOM,1,DELTA AVE,119.0,Improved,1983,59 years 01 month,860000.0,5.0,76.0
BUKIT MERAH,5 ROOM,104A,DEPOT RD,115.0,Improved,2000,76 years 03 months,805000.0,11.0,76.0
BUKIT MERAH,5 ROOM,111B,DEPOT RD,116.0,Improved,2006,81 years 09 months,800000.0,2.0,76.0
BUKIT MERAH,5 ROOM,118B,JLN MEMBINA,110.0,Improved,2003,78 years 08 months,980000.0,14.0,76.0
BUKIT MERAH,5 ROOM,127D,KIM TIAN RD,113.0,Improved,2013,88 years 09 months,1050888.0,8.0,76.0
BUKIT MERAH,5 ROOM,131B,KIM TIAN RD,110.0,Improved,2002,77 years 09 months,870000.0,11.0,76.0
BUKIT MERAH,5 ROOM,69,REDHILL CL,115.0,Improved,2001,76 years 09 months,860000.0,5.0,76.0
BUKIT MERAH,5 ROOM,74A,REDHILL RD,115.0,Improved,2005,81 years 07 months,898000.0,2.0,76.0
BUKIT MERAH,5 ROOM,17,TELOK BLANGAH CRES,119.0,Improved,2002,77 years 09 months,850000.0,20.0,76.0
BUKIT MERAH,5 ROOM,14A,TELOK BLANGAH CRES,119.0,Improved,1999,75 years 06 months,808000.0,8.0,76.0
BUKIT MERAH,5 ROOM,26,TELOK BLANGAH CRES,114.0,Standard,1975,51 years 03 months,790000.0,8.0,76.0
BUKIT MERAH,5 ROOM,87,TELOK BLANGAH HTS,111.0,Improved,2003,79 years,880888.0,17.0,76.0
